DROP DATABASE IF EXISTS fun_tan;

CREATE DATABASE fun_tan;

USE fun_tan; 

DROP TABLE IF EXISTS catalogs;
CREATE TABLE catalogs (
  id BIGINT UNSIGNED NOT NULL AUTO_INCREMENT PRIMARY KEY COMMENT 'Порядковый номер каталога',
  name VARCHAR(255) COMMENT 'Название раздела'
) COMMENT = 'Разделы интернет-магазина';

DROP TABLE IF EXISTS users;
CREATE TABLE users (
  id SERIAL COMMENT 'Порядковый номер покупателя',
  name VARCHAR(255) COMMENT 'Имя покупателя',
  birthday_at DATE COMMENT 'Дата рождения',
  created_at DATETIME DEFAULT NOW() COMMENT 'Дата и время создания',
  updated_at DATETIME ON UPDATE CURRENT_TIMESTAMP COMMENT 'Дата и время последнего обновления'
) COMMENT = 'Покупатели';

DROP TABLE IF EXISTS products;
CREATE TABLE products (
  id SERIAL COMMENT 'Порядковый номер товарной позиции',
  name VARCHAR(255) COMMENT 'Название',
  description TEXT COMMENT 'Описание',
  price DECIMAL (11,2) COMMENT 'Цена',
  catalog_id BIGINT UNSIGNED COMMENT 'Порядковый номер каталога',
  created_at DATETIME DEFAULT NOW() COMMENT 'Дата и время создания',
  updated_at DATETIME ON UPDATE CURRENT_TIMESTAMP COMMENT 'Дата и время последнего обновления',
  FOREIGN KEY(catalog_id) REFERENCES catalogs(id) ON DELETE CASCADE
) COMMENT = 'Товарные позиции';

DROP TABLE IF EXISTS orders_for_filldb;
CREATE TABLE orders_for_filldb (
  id SERIAL COMMENT 'Порядковый номер заказа',
  user_id BIGINT UNSIGNED COMMENT 'Порядковый номер покупателя',
  created_at DATETIME DEFAULT NOW() COMMENT 'Дата и время создания',
  updated_at DATETIME ON UPDATE CURRENT_TIMESTAMP COMMENT 'Дата и время последнего обновления',
  FOREIGN KEY (user_id) REFERENCES users(id) ON DELETE CASCADE
) COMMENT = 'Заказы';

DROP TABLE IF EXISTS orders_products;
CREATE TABLE orders_products (
  id SERIAL COMMENT 'Порядковый номер состава заказа',
  order_id BIGINT UNSIGNED COMMENT 'Порядковый номер заказа',
  product_id BIGINT UNSIGNED COMMENT 'Порядковый номер товарной позиции',
  total BIGINT UNSIGNED DEFAULT 1 COMMENT 'Количество заказанных товарных позиций',
  total_price BIGINT UNSIGNED COMMENT 'Суммарная стоимость товарных позиций в заказе',
  created_at DATETIME DEFAULT NOW() COMMENT 'Дата и время создания',
  updated_at DATETIME ON UPDATE CURRENT_TIMESTAMP COMMENT 'Дата и время последнего обновления',
  FOREIGN KEY(order_id) REFERENCES orders_for_filldb(id) ON DELETE CASCADE,
  FOREIGN KEY(product_id) REFERENCES products(id) ON DELETE CASCADE
) COMMENT = 'Состав заказа';

DROP TABLE IF EXISTS discounts;
CREATE TABLE discounts (
  id SERIAL COMMENT 'Порядковый номер скидки',
  user_id BIGINT UNSIGNED COMMENT 'Порядковый номер покупателя',
  product_id BIGINT UNSIGNED COMMENT 'Порядковый номер товарной позиции',
  discount FLOAT UNSIGNED COMMENT 'Величина скидки от 0.0% до 10.0%',
  started_at DATETIME NULL COMMENT 'Дата и время начала действия скидки',
  finished_at DATETIME NULL COMMENT 'Дата и время окончания действия скидки',
  created_at DATETIME DEFAULT NOW() COMMENT 'Дата и время создания',
  updated_at DATETIME ON UPDATE CURRENT_TIMESTAMP COMMENT 'Дата и время последнего обновления',
  FOREIGN KEY(user_id) REFERENCES users(id) ON DELETE CASCADE, 
  FOREIGN KEY(product_id) REFERENCES products(id) ON DELETE CASCADE
) COMMENT = 'Скидки';

DROP TABLE IF EXISTS storehouses;
CREATE TABLE storehouses (
  id SERIAL COMMENT 'Порядковый номер склада',
  name VARCHAR(255) COMMENT 'Название',
  created_at DATETIME DEFAULT NOW() COMMENT 'Дата и время создания',
  updated_at DATETIME ON UPDATE CURRENT_TIMESTAMP COMMENT 'Дата и время последнего обновления'
) COMMENT = 'Склады';

DROP TABLE IF EXISTS storehouses_products;
CREATE TABLE storehouses_products (
  id SERIAL COMMENT 'Порядковый номер запаса товарной позиции на складе',
  storehouses_id BIGINT UNSIGNED COMMENT 'Порядковый номер склада',
  product_id BIGINT UNSIGNED COMMENT 'Порядковый номер товарной позиции',
  value BIGINT UNSIGNED COMMENT 'Запас товарной позиции на складе',
  created_at DATETIME DEFAULT NOW() COMMENT 'Дата и время создания',
  updated_at DATETIME ON UPDATE CURRENT_TIMESTAMP COMMENT 'Дата и время последнего обновления',
  FOREIGN KEY(storehouses_id) REFERENCES storehouses(id) ON DELETE CASCADE,
  FOREIGN KEY(product_id) REFERENCES products(id) ON DELETE CASCADE
) COMMENT = 'Запасы на складе';

DROP TABLE IF EXISTS media_types;
CREATE TABLE media_types(
	id SERIAL COMMENT 'Порядковый номер типа медии',
	name ENUM('Video', 'Photo', 'Audio', 'Text'),
	created_at DATETIME DEFAULT NOW() COMMENT 'Дата и время создания',
	updated_at DATETIME ON UPDATE CURRENT_TIMESTAMP COMMENT 'Дата и время последнего обновления'
);

DROP TABLE IF EXISTS media;
CREATE TABLE media(
	id SERIAL COMMENT 'Порядковый номер типа медии',
	media_type_id BIGINT UNSIGNED NOT NULL COMMENT 'Порядковый номер типа медии',
	catalog_id BIGINT UNSIGNED NOT NULL COMMENT 'Порядковый номер каталога',
	body TEXT COMMENT 'Текстовое описание',
	filename VARCHAR(255) COMMENT 'Имя файла',
	`size` INT COMMENT 'Размер',
	metadata JSON COMMENT 'JSON данные',
	created_at DATETIME DEFAULT NOW() COMMENT 'Дата и время создания',
	updated_at DATETIME ON UPDATE CURRENT_TIMESTAMP COMMENT 'Дата и время последнего обновления',
	FOREIGN KEY(catalog_id) REFERENCES catalogs(id),
	FOREIGN KEY(media_type_id) REFERENCES media_types(id)
);


INSERT INTO catalogs (name)
VALUES ('Фонтаны'), ('Приточная вентиляция'), ('Управление насосами');


INSERT INTO `users` (`id`, `name`, `birthday_at`, `created_at`, `updated_at`) VALUES ('1', 'adipisci', '1988-06-16', '2001-10-13 18:16:27', '1979-03-29 17:58:02');
INSERT INTO `users` (`id`, `name`, `birthday_at`, `created_at`, `updated_at`) VALUES ('2', 'aperiam', '1998-07-12', '1985-01-20 18:11:48', '2015-09-14 04:11:48');
INSERT INTO `users` (`id`, `name`, `birthday_at`, `created_at`, `updated_at`) VALUES ('3', 'et', '2008-12-11', '2019-03-24 04:53:50', '1997-01-15 16:20:40');
INSERT INTO `users` (`id`, `name`, `birthday_at`, `created_at`, `updated_at`) VALUES ('4', 'praesentium', '2007-07-24', '1988-04-02 19:19:14', '1990-05-20 17:53:08');
INSERT INTO `users` (`id`, `name`, `birthday_at`, `created_at`, `updated_at`) VALUES ('5', 'illo', '2003-02-13', '1996-03-12 16:16:07', '2004-05-13 14:16:41');
INSERT INTO `users` (`id`, `name`, `birthday_at`, `created_at`, `updated_at`) VALUES ('6', 'excepturi', '2017-06-07', '1987-01-28 09:18:51', '1977-09-08 19:38:35');
INSERT INTO `users` (`id`, `name`, `birthday_at`, `created_at`, `updated_at`) VALUES ('7', 'omnis', '1973-09-17', '1980-12-26 01:13:28', '2017-09-01 14:38:42');
INSERT INTO `users` (`id`, `name`, `birthday_at`, `created_at`, `updated_at`) VALUES ('8', 'qui', '2011-04-15', '2013-05-25 19:00:35', '2007-01-26 21:42:51');
INSERT INTO `users` (`id`, `name`, `birthday_at`, `created_at`, `updated_at`) VALUES ('9', 'sit', '2008-03-09', '1992-06-23 11:51:40', '1981-08-11 03:31:40');
INSERT INTO `users` (`id`, `name`, `birthday_at`, `created_at`, `updated_at`) VALUES ('10', 'vel', '2005-12-31', '2005-09-18 00:59:20', '1985-01-17 12:56:39');
INSERT INTO `users` (`id`, `name`, `birthday_at`, `created_at`, `updated_at`) VALUES ('11', 'ea', '1981-01-07', '2010-12-10 22:06:58', '2012-09-26 12:20:59');
INSERT INTO `users` (`id`, `name`, `birthday_at`, `created_at`, `updated_at`) VALUES ('12', 'nostrum', '1984-10-18', '1972-05-20 02:53:16', '1981-06-03 04:45:17');
INSERT INTO `users` (`id`, `name`, `birthday_at`, `created_at`, `updated_at`) VALUES ('13', 'sunt', '1997-09-27', '1996-03-30 20:29:48', '1999-09-15 12:33:03');
INSERT INTO `users` (`id`, `name`, `birthday_at`, `created_at`, `updated_at`) VALUES ('14', 'id', '2021-02-22', '2015-11-29 03:00:45', '1997-11-21 07:29:38');
INSERT INTO `users` (`id`, `name`, `birthday_at`, `created_at`, `updated_at`) VALUES ('15', 'unde', '2017-03-19', '2012-10-15 01:39:37', '2019-06-14 13:39:26');
INSERT INTO `users` (`id`, `name`, `birthday_at`, `created_at`, `updated_at`) VALUES ('16', 'in', '1997-07-25', '2013-10-14 18:26:15', '1985-01-20 11:37:29');
INSERT INTO `users` (`id`, `name`, `birthday_at`, `created_at`, `updated_at`) VALUES ('17', 'ducimus', '2006-09-10', '1989-09-16 18:06:48', '2015-06-08 14:12:22');
INSERT INTO `users` (`id`, `name`, `birthday_at`, `created_at`, `updated_at`) VALUES ('18', 'est', '1992-10-18', '2007-06-25 02:18:21', '1987-05-07 23:53:11');
INSERT INTO `users` (`id`, `name`, `birthday_at`, `created_at`, `updated_at`) VALUES ('19', 'aut', '1982-06-14', '2005-06-19 16:03:27', '1977-11-25 01:14:09');
INSERT INTO `users` (`id`, `name`, `birthday_at`, `created_at`, `updated_at`) VALUES ('20', 'ipsa', '2005-08-29', '2018-08-06 17:17:38', '1993-04-09 08:32:41');
INSERT INTO `users` (`id`, `name`, `birthday_at`, `created_at`, `updated_at`) VALUES ('21', 'voluptatem', '1983-07-10', '1976-03-03 13:52:24', '2009-01-28 21:19:39');
INSERT INTO `users` (`id`, `name`, `birthday_at`, `created_at`, `updated_at`) VALUES ('22', 'voluptas', '1983-09-26', '2009-01-09 08:27:04', '2000-06-18 08:43:49');
INSERT INTO `users` (`id`, `name`, `birthday_at`, `created_at`, `updated_at`) VALUES ('23', 'amet', '1994-05-20', '1976-03-15 16:03:47', '2018-04-17 16:53:43');
INSERT INTO `users` (`id`, `name`, `birthday_at`, `created_at`, `updated_at`) VALUES ('24', 'non', '1976-10-26', '2000-08-01 07:21:47', '1987-05-23 11:11:20');
INSERT INTO `users` (`id`, `name`, `birthday_at`, `created_at`, `updated_at`) VALUES ('25', 'corrupti', '1999-11-25', '1990-05-10 22:46:50', '1989-09-30 20:26:10');
INSERT INTO `users` (`id`, `name`, `birthday_at`, `created_at`, `updated_at`) VALUES ('26', 'velit', '2005-07-27', '2004-05-12 00:52:29', '1984-11-03 16:04:00');
INSERT INTO `users` (`id`, `name`, `birthday_at`, `created_at`, `updated_at`) VALUES ('27', 'voluptate', '1971-02-01', '2007-11-27 09:23:14', '1993-02-01 12:47:30');
INSERT INTO `users` (`id`, `name`, `birthday_at`, `created_at`, `updated_at`) VALUES ('28', 'accusamus', '2012-10-25', '1991-06-25 11:09:45', '2001-09-16 22:55:49');
INSERT INTO `users` (`id`, `name`, `birthday_at`, `created_at`, `updated_at`) VALUES ('29', 'nulla', '2013-12-03', '1987-07-18 13:07:23', '1999-03-08 14:47:36');
INSERT INTO `users` (`id`, `name`, `birthday_at`, `created_at`, `updated_at`) VALUES ('30', 'debitis', '1999-11-14', '1978-04-21 09:32:26', '1988-12-23 04:26:00');
INSERT INTO `users` (`id`, `name`, `birthday_at`, `created_at`, `updated_at`) VALUES ('31', 'cupiditate', '1990-06-17', '1997-10-23 07:06:02', '1992-12-18 02:11:53');
INSERT INTO `users` (`id`, `name`, `birthday_at`, `created_at`, `updated_at`) VALUES ('32', 'dicta', '1976-05-29', '2007-01-24 04:21:29', '2005-01-22 18:58:35');
INSERT INTO `users` (`id`, `name`, `birthday_at`, `created_at`, `updated_at`) VALUES ('33', 'nihil', '2007-11-24', '1977-12-27 15:32:16', '2020-04-27 20:25:57');
INSERT INTO `users` (`id`, `name`, `birthday_at`, `created_at`, `updated_at`) VALUES ('34', 'consequuntur', '1973-02-03', '1997-11-05 21:00:37', '1978-10-12 01:01:28');
INSERT INTO `users` (`id`, `name`, `birthday_at`, `created_at`, `updated_at`) VALUES ('35', 'sint', '1991-10-23', '2012-02-10 03:31:21', '1992-09-10 10:09:16');
INSERT INTO `users` (`id`, `name`, `birthday_at`, `created_at`, `updated_at`) VALUES ('36', 'delectus', '2004-03-14', '1972-01-30 02:54:41', '2001-07-30 15:51:57');
INSERT INTO `users` (`id`, `name`, `birthday_at`, `created_at`, `updated_at`) VALUES ('37', 'consectetur', '1976-09-25', '1992-07-26 03:40:26', '2010-03-29 01:06:29');
INSERT INTO `users` (`id`, `name`, `birthday_at`, `created_at`, `updated_at`) VALUES ('38', 'pariatur', '1988-01-07', '1996-07-30 23:38:23', '1980-12-10 15:04:00');
INSERT INTO `users` (`id`, `name`, `birthday_at`, `created_at`, `updated_at`) VALUES ('39', 'quia', '2016-10-18', '1996-04-26 16:26:55', '1991-10-27 13:59:30');
INSERT INTO `users` (`id`, `name`, `birthday_at`, `created_at`, `updated_at`) VALUES ('40', 'cumque', '2005-10-07', '2015-07-02 05:52:33', '1972-08-02 19:02:36');
INSERT INTO `users` (`id`, `name`, `birthday_at`, `created_at`, `updated_at`) VALUES ('41', 'a', '1974-04-10', '2018-08-15 21:15:25', '1975-07-01 06:09:32');
INSERT INTO `users` (`id`, `name`, `birthday_at`, `created_at`, `updated_at`) VALUES ('42', 'recusandae', '1970-11-27', '1997-01-29 21:11:39', '1980-07-21 02:08:49');
INSERT INTO `users` (`id`, `name`, `birthday_at`, `created_at`, `updated_at`) VALUES ('43', 'alias', '1982-09-03', '2000-05-19 10:43:15', '2013-07-26 18:07:06');
INSERT INTO `users` (`id`, `name`, `birthday_at`, `created_at`, `updated_at`) VALUES ('44', 'animi', '1995-01-12', '2004-04-22 15:45:29', '2007-09-04 11:00:23');
INSERT INTO `users` (`id`, `name`, `birthday_at`, `created_at`, `updated_at`) VALUES ('45', 'modi', '1997-03-13', '1994-07-10 15:49:17', '1976-07-08 01:35:30');
INSERT INTO `users` (`id`, `name`, `birthday_at`, `created_at`, `updated_at`) VALUES ('46', 'enim', '2009-08-29', '1970-05-07 22:41:06', '1995-09-25 22:12:54');
INSERT INTO `users` (`id`, `name`, `birthday_at`, `created_at`, `updated_at`) VALUES ('47', 'tenetur', '1971-04-18', '1982-01-22 15:14:57', '1987-05-03 07:52:12');
INSERT INTO `users` (`id`, `name`, `birthday_at`, `created_at`, `updated_at`) VALUES ('48', 'minima', '2015-12-10', '1974-03-11 00:21:30', '2018-07-19 16:14:24');
INSERT INTO `users` (`id`, `name`, `birthday_at`, `created_at`, `updated_at`) VALUES ('49', 'reprehenderit', '2014-10-24', '2020-12-29 16:17:37', '2013-11-10 16:50:22');
INSERT INTO `users` (`id`, `name`, `birthday_at`, `created_at`, `updated_at`) VALUES ('50', 'dolores', '1981-05-17', '1970-06-30 01:02:09', '2003-03-24 05:43:56');


INSERT INTO `products` (`id`, `name`, `description`, `price`, `catalog_id`, `created_at`, `updated_at`) VALUES ('1', 'autem', 'Sint quo ea numquam laudantium commodi error est. Odit beatae quis tenetur soluta sint. Minus fugit ab et aut voluptate qui.', '543.50', '1', '1992-11-29 02:53:45', '1977-07-05 18:37:34');
INSERT INTO `products` (`id`, `name`, `description`, `price`, `catalog_id`, `created_at`, `updated_at`) VALUES ('2', 'et', 'Libero et dicta qui eius enim facilis similique. Dolor quaerat sapiente cumque soluta eius fugit ducimus natus. Quo doloribus velit in sint nihil dolores ut. Placeat assumenda porro ipsam ut voluptatibus quaerat ducimus asperiores.', '42.54', '2', '1977-05-04 13:58:50', '2017-07-10 06:55:27');
INSERT INTO `products` (`id`, `name`, `description`, `price`, `catalog_id`, `created_at`, `updated_at`) VALUES ('3', 'quasi', 'Molestiae sed iste vel beatae. Libero labore aliquam dolores aut dignissimos. Saepe facilis nesciunt alias eius. Quidem aut doloremque omnis nam magni.', '184673542.07', '3', '2012-03-09 18:57:15', '2013-12-02 05:18:21');
INSERT INTO `products` (`id`, `name`, `description`, `price`, `catalog_id`, `created_at`, `updated_at`) VALUES ('4', 'facere', 'Sequi nihil suscipit quam et exercitationem voluptatem. Fugit tenetur natus error nihil provident. Quam maiores sapiente asperiores numquam velit alias neque. Nulla qui optio unde doloremque ut ut et.', '57936.41', '1', '2010-06-27 06:07:20', '2007-11-23 19:04:03');
INSERT INTO `products` (`id`, `name`, `description`, `price`, `catalog_id`, `created_at`, `updated_at`) VALUES ('5', 'temporibus', 'Consectetur molestiae qui repellendus inventore tenetur non tempore. Aut distinctio sint rerum veritatis suscipit odio quas. Vel amet aut necessitatibus nemo. Sunt libero tempore suscipit ut.', '2624262.66', '2', '1982-03-31 10:41:14', '1970-02-28 18:21:39');
INSERT INTO `products` (`id`, `name`, `description`, `price`, `catalog_id`, `created_at`, `updated_at`) VALUES ('6', 'perferendis', 'Temporibus laudantium labore culpa eos illo. Beatae ea tenetur ea cumque mollitia natus asperiores.', '1199.51', '3', '2016-05-01 04:30:06', '1979-01-11 06:28:29');
INSERT INTO `products` (`id`, `name`, `description`, `price`, `catalog_id`, `created_at`, `updated_at`) VALUES ('7', 'qui', 'Exercitationem sint animi et voluptatibus fugit consectetur. Dolores et amet omnis nobis ducimus perferendis. Ea eos cum eaque omnis suscipit ut odit tempore.', '876423.11', '1', '1973-07-21 10:23:19', '2014-08-03 09:21:55');
INSERT INTO `products` (`id`, `name`, `description`, `price`, `catalog_id`, `created_at`, `updated_at`) VALUES ('8', 'sit', 'Quia laborum veritatis aut laborum quo. Aliquam debitis veritatis aut debitis.', '1647.00', '2', '1991-03-24 10:29:29', '1987-10-11 03:02:46');
INSERT INTO `products` (`id`, `name`, `description`, `price`, `catalog_id`, `created_at`, `updated_at`) VALUES ('9', 'soluta', 'Error aspernatur ratione esse dolorem aperiam iusto in qui. Omnis distinctio necessitatibus laudantium voluptatem nobis molestiae et voluptates.', '146773549.68', '3', '2003-05-17 08:40:57', '2011-06-06 17:15:13');
INSERT INTO `products` (`id`, `name`, `description`, `price`, `catalog_id`, `created_at`, `updated_at`) VALUES ('10', 'quas', 'Iusto qui debitis omnis quia. Quisquam sit aperiam inventore deserunt doloremque mollitia. In qui magnam accusantium.', '520657.63', '1', '2017-01-29 10:31:54', '2008-02-24 10:25:50');
INSERT INTO `products` (`id`, `name`, `description`, `price`, `catalog_id`, `created_at`, `updated_at`) VALUES ('11', 'dolores', 'Eveniet adipisci unde rem consequatur consequatur rerum. Perspiciatis in dolor qui rerum. Dolorum sit saepe doloribus commodi.', '22812.62', '2', '1988-06-09 18:10:33', '1979-09-14 11:43:12');
INSERT INTO `products` (`id`, `name`, `description`, `price`, `catalog_id`, `created_at`, `updated_at`) VALUES ('12', 'sint', 'Enim a aspernatur cupiditate quasi modi quia quaerat. Qui magnam aut explicabo aspernatur. Porro dicta vel repellendus dolores beatae.', '2219934.96', '3', '1999-02-24 08:27:32', '2007-02-06 03:55:07');
INSERT INTO `products` (`id`, `name`, `description`, `price`, `catalog_id`, `created_at`, `updated_at`) VALUES ('13', 'aut', 'Et expedita voluptas voluptatem molestiae impedit quidem ducimus. Porro ipsam sapiente qui odio sed magni numquam qui. Porro nisi saepe labore eveniet. Beatae voluptates illum fugiat fugiat voluptatem ut unde. Nostrum quidem eum dolorem esse nobis omnis.', '23.61', '1', '1991-02-11 18:46:26', '2018-07-05 05:45:58');
INSERT INTO `products` (`id`, `name`, `description`, `price`, `catalog_id`, `created_at`, `updated_at`) VALUES ('14', 'voluptas', 'Et nulla provident animi quisquam. Quos hic qui eos blanditiis in ut. Qui sit voluptas vero quae veritatis dolorum. In modi nesciunt qui officiis veritatis quo. Perferendis eos placeat sapiente quo assumenda.', '226195.70', '2', '1992-11-06 08:18:09', '1991-12-12 16:46:37');
INSERT INTO `products` (`id`, `name`, `description`, `price`, `catalog_id`, `created_at`, `updated_at`) VALUES ('15', 'velit', 'Dolor doloribus quisquam eos quia. Voluptatibus eum et quos nihil. Totam nam occaecati libero ut. Voluptatem quo harum sint optio iusto magni optio.', '13.73', '3', '2011-03-29 10:21:33', '1989-11-28 20:29:51');
INSERT INTO `products` (`id`, `name`, `description`, `price`, `catalog_id`, `created_at`, `updated_at`) VALUES ('16', 'occaecati', 'Debitis aliquam consequuntur omnis voluptates rerum recusandae. Vel laborum vitae magnam aperiam sit. Esse id est quaerat assumenda quasi. Delectus eum unde explicabo autem nihil non ipsa.', '351424976.65', '1', '1993-03-28 05:47:37', '2004-07-22 18:18:04');
INSERT INTO `products` (`id`, `name`, `description`, `price`, `catalog_id`, `created_at`, `updated_at`) VALUES ('17', 'omnis', 'Eos omnis nostrum eum sit aut a eum veritatis. Et eum repellat laboriosam est excepturi.', '0.00', '2', '1971-05-04 23:43:10', '1993-09-25 17:29:14');
INSERT INTO `products` (`id`, `name`, `description`, `price`, `catalog_id`, `created_at`, `updated_at`) VALUES ('18', 'nesciunt', 'Voluptatibus modi voluptatem unde temporibus quos. Enim repellendus asperiores est molestias quisquam et veniam blanditiis. Dolorem blanditiis unde maxime perspiciatis. Molestiae asperiores placeat assumenda.', '5937.20', '3', '2007-10-11 15:32:53', '1970-06-21 08:43:35');
INSERT INTO `products` (`id`, `name`, `description`, `price`, `catalog_id`, `created_at`, `updated_at`) VALUES ('19', 'ut', 'Consequuntur accusantium nihil excepturi. Quia omnis blanditiis ut pariatur sint quia. Odit dolorem mollitia quam et temporibus vitae.', '2197.44', '1', '2005-06-13 04:20:12', '1990-11-25 20:34:47');
INSERT INTO `products` (`id`, `name`, `description`, `price`, `catalog_id`, `created_at`, `updated_at`) VALUES ('20', 'dolorum', 'Sit quis nesciunt excepturi omnis ipsum molestiae. Quod commodi qui aut sit alias dolorem. Maxime quam quisquam eos voluptatem explicabo tempora. Veritatis in ea sit explicabo eum laboriosam.', '2015141.19', '2', '1991-05-29 05:05:44', '2006-12-26 19:24:06');
INSERT INTO `products` (`id`, `name`, `description`, `price`, `catalog_id`, `created_at`, `updated_at`) VALUES ('21', 'quis', 'Omnis quidem sunt quaerat est assumenda sit. Et a voluptatem nesciunt tenetur incidunt et. Aliquid ratione et et quaerat. Aut non rem et corrupti dignissimos voluptatem.', '5617243.17', '3', '2012-06-28 23:21:27', '1997-06-05 04:23:14');
INSERT INTO `products` (`id`, `name`, `description`, `price`, `catalog_id`, `created_at`, `updated_at`) VALUES ('22', 'rerum', 'Eveniet non doloremque voluptas et doloremque quia distinctio. Dolorum ratione dolores quia molestiae. Temporibus soluta sed esse eum illo omnis.', '420657023.20', '1', '1992-11-04 20:25:48', '1976-05-25 04:01:50');
INSERT INTO `products` (`id`, `name`, `description`, `price`, `catalog_id`, `created_at`, `updated_at`) VALUES ('23', 'tempore', 'Ad est repudiandae hic nihil quaerat similique. Esse deleniti eum et dolorem. Suscipit placeat non possimus necessitatibus quis hic est.', '909549.90', '2', '1986-03-29 07:07:01', '1983-07-06 15:00:01');
INSERT INTO `products` (`id`, `name`, `description`, `price`, `catalog_id`, `created_at`, `updated_at`) VALUES ('24', 'accusantium', 'Eum soluta omnis voluptas deserunt voluptas quo et. Pariatur sit enim sint quia. Velit perspiciatis aut officia nobis.', '22.01', '3', '1973-11-10 00:44:28', '2020-01-28 09:27:31');
INSERT INTO `products` (`id`, `name`, `description`, `price`, `catalog_id`, `created_at`, `updated_at`) VALUES ('25', 'nihil', 'Eos nihil vero eum voluptatum aperiam. Odit reiciendis ab quis nemo. Alias debitis laudantium soluta illo quo eos. Mollitia aut impedit possimus quibusdam in. Et totam sapiente ab ad beatae aliquam.', '169.45', '1', '2009-03-25 15:20:20', '1979-04-11 01:12:24');
INSERT INTO `products` (`id`, `name`, `description`, `price`, `catalog_id`, `created_at`, `updated_at`) VALUES ('26', 'consequatur', 'Quia sit nisi esse qui id omnis. Quis quia ea quibusdam delectus distinctio consequatur animi minus. Voluptas nulla incidunt esse omnis. Repudiandae exercitationem non ullam rerum fuga.', '203.82', '2', '2020-07-14 03:06:35', '1992-09-05 04:08:37');
INSERT INTO `products` (`id`, `name`, `description`, `price`, `catalog_id`, `created_at`, `updated_at`) VALUES ('27', 'harum', 'Facere commodi impedit esse adipisci sint architecto laborum. Sapiente est iusto et provident quis ipsum quas. Non quod recusandae non aperiam rerum. Animi blanditiis repellendus id enim.', '147750148.74', '3', '1996-11-12 00:17:57', '2002-11-22 23:06:03');
INSERT INTO `products` (`id`, `name`, `description`, `price`, `catalog_id`, `created_at`, `updated_at`) VALUES ('28', 'non', 'Autem voluptatibus non iure at nam sapiente numquam. Ab aut voluptates nisi quibusdam. Sapiente deserunt a similique voluptatum odit dolore. Ducimus architecto id molestias commodi ipsum eum ut.', '480548618.97', '1', '2007-07-07 22:24:46', '1996-03-28 21:22:43');
INSERT INTO `products` (`id`, `name`, `description`, `price`, `catalog_id`, `created_at`, `updated_at`) VALUES ('29', 'laboriosam', 'Quo aperiam sed officiis totam nisi. Excepturi id omnis quaerat iusto sunt nemo soluta. Quidem itaque qui beatae a quasi omnis sequi esse. Voluptate quia eum accusantium alias quas accusamus atque voluptate.', '50.12', '2', '2002-11-19 04:58:52', '1995-10-17 04:09:49');
INSERT INTO `products` (`id`, `name`, `description`, `price`, `catalog_id`, `created_at`, `updated_at`) VALUES ('30', 'aliquam', 'Et et molestiae magni modi ullam quia. Libero voluptas quidem et illum quasi voluptate. Dignissimos quo tempore necessitatibus molestiae provident iste in numquam. Quam placeat quos fuga cumque esse dolor.', '22.54', '3', '2005-01-09 10:09:17', '1984-12-18 17:23:10');


/*filldb почему-то не хотел создавать таблицу с названием orders. Пришлось переименовать.*/
INSERT INTO `orders_for_filldb` (`id`, `user_id`, `created_at`, `updated_at`) VALUES ('1', '1', '2018-08-06 17:30:17', '1982-02-15 23:05:36');
INSERT INTO `orders_for_filldb` (`id`, `user_id`, `created_at`, `updated_at`) VALUES ('2', '2', '1973-01-27 09:09:54', '2010-12-14 18:30:32');
INSERT INTO `orders_for_filldb` (`id`, `user_id`, `created_at`, `updated_at`) VALUES ('3', '3', '1998-02-03 07:58:01', '2017-12-22 07:25:15');
INSERT INTO `orders_for_filldb` (`id`, `user_id`, `created_at`, `updated_at`) VALUES ('4', '4', '1976-11-14 17:20:53', '2019-03-20 12:23:39');
INSERT INTO `orders_for_filldb` (`id`, `user_id`, `created_at`, `updated_at`) VALUES ('5', '5', '2018-12-22 05:41:09', '2007-05-24 17:51:08');
INSERT INTO `orders_for_filldb` (`id`, `user_id`, `created_at`, `updated_at`) VALUES ('6', '6', '1974-07-31 18:01:16', '2012-01-18 10:30:49');
INSERT INTO `orders_for_filldb` (`id`, `user_id`, `created_at`, `updated_at`) VALUES ('7', '7', '1985-02-14 16:19:36', '2000-01-08 16:22:56');
INSERT INTO `orders_for_filldb` (`id`, `user_id`, `created_at`, `updated_at`) VALUES ('8', '8', '1972-01-16 22:29:25', '1993-04-08 06:27:46');
INSERT INTO `orders_for_filldb` (`id`, `user_id`, `created_at`, `updated_at`) VALUES ('9', '9', '1977-02-24 15:39:15', '2015-04-26 13:56:16');
INSERT INTO `orders_for_filldb` (`id`, `user_id`, `created_at`, `updated_at`) VALUES ('10', '10', '2019-10-28 07:22:48', '2004-06-08 17:50:15');
INSERT INTO `orders_for_filldb` (`id`, `user_id`, `created_at`, `updated_at`) VALUES ('11', '11', '2018-07-01 18:47:24', '1986-06-01 02:38:58');
INSERT INTO `orders_for_filldb` (`id`, `user_id`, `created_at`, `updated_at`) VALUES ('12', '12', '2013-08-18 03:32:04', '2005-11-08 16:34:32');
INSERT INTO `orders_for_filldb` (`id`, `user_id`, `created_at`, `updated_at`) VALUES ('13', '13', '1979-02-19 01:06:13', '2018-05-14 15:19:38');
INSERT INTO `orders_for_filldb` (`id`, `user_id`, `created_at`, `updated_at`) VALUES ('14', '14', '2001-01-07 19:40:15', '1997-07-30 07:03:59');
INSERT INTO `orders_for_filldb` (`id`, `user_id`, `created_at`, `updated_at`) VALUES ('15', '15', '1976-01-16 06:36:43', '1990-02-12 12:52:43');
INSERT INTO `orders_for_filldb` (`id`, `user_id`, `created_at`, `updated_at`) VALUES ('16', '16', '1998-08-20 09:13:38', '1994-08-22 18:49:49');
INSERT INTO `orders_for_filldb` (`id`, `user_id`, `created_at`, `updated_at`) VALUES ('17', '17', '1980-02-03 21:58:34', '2005-12-22 04:01:15');
INSERT INTO `orders_for_filldb` (`id`, `user_id`, `created_at`, `updated_at`) VALUES ('18', '18', '2007-09-08 03:47:53', '2000-03-05 16:20:31');
INSERT INTO `orders_for_filldb` (`id`, `user_id`, `created_at`, `updated_at`) VALUES ('19', '19', '1975-02-04 10:58:04', '1979-07-11 14:28:00');
INSERT INTO `orders_for_filldb` (`id`, `user_id`, `created_at`, `updated_at`) VALUES ('20', '20', '1991-02-07 23:26:41', '2006-04-01 22:04:26');
INSERT INTO `orders_for_filldb` (`id`, `user_id`, `created_at`, `updated_at`) VALUES ('21', '21', '2008-10-13 14:17:30', '2015-06-14 07:10:31');
INSERT INTO `orders_for_filldb` (`id`, `user_id`, `created_at`, `updated_at`) VALUES ('22', '22', '1994-01-21 13:25:55', '1981-09-20 11:57:18');
INSERT INTO `orders_for_filldb` (`id`, `user_id`, `created_at`, `updated_at`) VALUES ('23', '23', '1979-12-15 23:38:30', '1990-11-02 01:08:50');
INSERT INTO `orders_for_filldb` (`id`, `user_id`, `created_at`, `updated_at`) VALUES ('24', '24', '1989-03-24 11:11:28', '1984-06-10 20:25:29');
INSERT INTO `orders_for_filldb` (`id`, `user_id`, `created_at`, `updated_at`) VALUES ('25', '25', '2008-12-11 03:35:16', '1976-02-03 14:27:01');
INSERT INTO `orders_for_filldb` (`id`, `user_id`, `created_at`, `updated_at`) VALUES ('26', '26', '2015-10-18 15:12:34', '1985-03-13 02:35:17');
INSERT INTO `orders_for_filldb` (`id`, `user_id`, `created_at`, `updated_at`) VALUES ('27', '27', '2015-09-18 05:35:52', '1975-05-27 08:06:48');
INSERT INTO `orders_for_filldb` (`id`, `user_id`, `created_at`, `updated_at`) VALUES ('28', '28', '1979-01-24 10:24:46', '1993-09-12 21:40:29');
INSERT INTO `orders_for_filldb` (`id`, `user_id`, `created_at`, `updated_at`) VALUES ('29', '29', '1989-01-12 17:51:09', '2021-04-03 23:38:12');
INSERT INTO `orders_for_filldb` (`id`, `user_id`, `created_at`, `updated_at`) VALUES ('30', '30', '2019-08-12 01:02:50', '1977-07-17 21:16:54');
INSERT INTO `orders_for_filldb` (`id`, `user_id`, `created_at`, `updated_at`) VALUES ('31', '31', '2021-05-20 23:27:06', '1970-03-14 19:53:12');
INSERT INTO `orders_for_filldb` (`id`, `user_id`, `created_at`, `updated_at`) VALUES ('32', '32', '2004-01-19 04:25:28', '1984-11-07 20:14:48');
INSERT INTO `orders_for_filldb` (`id`, `user_id`, `created_at`, `updated_at`) VALUES ('33', '33', '1998-07-28 12:56:44', '1998-12-15 09:22:55');
INSERT INTO `orders_for_filldb` (`id`, `user_id`, `created_at`, `updated_at`) VALUES ('34', '34', '1994-09-08 21:38:51', '2014-10-04 12:23:41');
INSERT INTO `orders_for_filldb` (`id`, `user_id`, `created_at`, `updated_at`) VALUES ('35', '35', '2006-08-14 00:43:23', '1993-11-01 11:09:45');
INSERT INTO `orders_for_filldb` (`id`, `user_id`, `created_at`, `updated_at`) VALUES ('36', '36', '2001-08-08 20:51:30', '1974-11-14 22:01:12');
INSERT INTO `orders_for_filldb` (`id`, `user_id`, `created_at`, `updated_at`) VALUES ('37', '37', '2013-09-15 02:27:37', '1988-05-25 22:13:48');
INSERT INTO `orders_for_filldb` (`id`, `user_id`, `created_at`, `updated_at`) VALUES ('38', '38', '2020-03-06 04:16:07', '2008-10-31 03:04:42');
INSERT INTO `orders_for_filldb` (`id`, `user_id`, `created_at`, `updated_at`) VALUES ('39', '39', '1971-05-04 23:35:13', '1970-01-30 08:26:38');
INSERT INTO `orders_for_filldb` (`id`, `user_id`, `created_at`, `updated_at`) VALUES ('40', '40', '2004-02-25 14:21:17', '1977-06-11 04:01:58');
INSERT INTO `orders_for_filldb` (`id`, `user_id`, `created_at`, `updated_at`) VALUES ('41', '41', '2001-03-12 03:13:56', '1997-02-12 18:09:57');
INSERT INTO `orders_for_filldb` (`id`, `user_id`, `created_at`, `updated_at`) VALUES ('42', '42', '1998-03-28 08:36:52', '1978-05-27 19:36:48');
INSERT INTO `orders_for_filldb` (`id`, `user_id`, `created_at`, `updated_at`) VALUES ('43', '43', '2005-03-31 16:12:58', '1996-10-12 06:08:37');
INSERT INTO `orders_for_filldb` (`id`, `user_id`, `created_at`, `updated_at`) VALUES ('44', '44', '1973-08-14 02:26:30', '1989-08-17 12:34:24');
INSERT INTO `orders_for_filldb` (`id`, `user_id`, `created_at`, `updated_at`) VALUES ('45', '45', '2014-11-26 10:13:42', '1996-10-11 07:50:21');
INSERT INTO `orders_for_filldb` (`id`, `user_id`, `created_at`, `updated_at`) VALUES ('46', '46', '2015-06-11 03:18:32', '2010-10-03 23:53:24');
INSERT INTO `orders_for_filldb` (`id`, `user_id`, `created_at`, `updated_at`) VALUES ('47', '47', '1985-08-23 04:23:07', '2006-09-01 07:25:51');
INSERT INTO `orders_for_filldb` (`id`, `user_id`, `created_at`, `updated_at`) VALUES ('48', '48', '1987-12-24 16:00:14', '1972-03-09 04:30:46');
INSERT INTO `orders_for_filldb` (`id`, `user_id`, `created_at`, `updated_at`) VALUES ('49', '49', '1978-10-12 17:06:28', '2010-10-09 03:31:07');
INSERT INTO `orders_for_filldb` (`id`, `user_id`, `created_at`, `updated_at`) VALUES ('50', '50', '2001-03-07 16:15:42', '2008-06-29 17:47:47');
INSERT INTO `orders_for_filldb` (`id`, `user_id`, `created_at`, `updated_at`) VALUES ('51', '1', '1999-09-24 12:17:49', '1998-04-07 10:22:28');
INSERT INTO `orders_for_filldb` (`id`, `user_id`, `created_at`, `updated_at`) VALUES ('52', '2', '2009-04-15 09:57:45', '1974-04-03 10:01:26');
INSERT INTO `orders_for_filldb` (`id`, `user_id`, `created_at`, `updated_at`) VALUES ('53', '3', '1997-07-09 18:51:44', '1989-08-18 17:51:34');
INSERT INTO `orders_for_filldb` (`id`, `user_id`, `created_at`, `updated_at`) VALUES ('54', '4', '1977-07-16 17:42:58', '1978-11-27 13:35:36');
INSERT INTO `orders_for_filldb` (`id`, `user_id`, `created_at`, `updated_at`) VALUES ('55', '5', '1970-03-23 02:09:26', '2007-09-18 04:13:27');
INSERT INTO `orders_for_filldb` (`id`, `user_id`, `created_at`, `updated_at`) VALUES ('56', '6', '2015-09-18 04:03:36', '2003-04-14 17:28:38');
INSERT INTO `orders_for_filldb` (`id`, `user_id`, `created_at`, `updated_at`) VALUES ('57', '7', '2018-08-21 14:21:31', '2006-02-24 03:58:52');
INSERT INTO `orders_for_filldb` (`id`, `user_id`, `created_at`, `updated_at`) VALUES ('58', '8', '1998-03-20 03:38:14', '1992-03-06 04:47:44');
INSERT INTO `orders_for_filldb` (`id`, `user_id`, `created_at`, `updated_at`) VALUES ('59', '9', '1984-10-27 14:42:05', '1982-09-20 08:05:24');
INSERT INTO `orders_for_filldb` (`id`, `user_id`, `created_at`, `updated_at`) VALUES ('60', '10', '2006-11-27 03:56:27', '1977-12-23 16:58:24');
INSERT INTO `orders_for_filldb` (`id`, `user_id`, `created_at`, `updated_at`) VALUES ('61', '11', '2014-11-06 13:16:11', '1981-09-13 03:11:57');
INSERT INTO `orders_for_filldb` (`id`, `user_id`, `created_at`, `updated_at`) VALUES ('62', '12', '2004-04-25 15:30:52', '2000-02-22 23:12:20');
INSERT INTO `orders_for_filldb` (`id`, `user_id`, `created_at`, `updated_at`) VALUES ('63', '13', '2007-03-28 11:08:43', '2008-08-04 01:05:15');
INSERT INTO `orders_for_filldb` (`id`, `user_id`, `created_at`, `updated_at`) VALUES ('64', '14', '1970-07-08 00:17:27', '1974-04-14 07:37:05');
INSERT INTO `orders_for_filldb` (`id`, `user_id`, `created_at`, `updated_at`) VALUES ('65', '15', '1996-09-18 14:23:22', '1990-10-07 17:23:00');
INSERT INTO `orders_for_filldb` (`id`, `user_id`, `created_at`, `updated_at`) VALUES ('66', '16', '1980-03-25 00:57:51', '2019-10-20 04:57:47');
INSERT INTO `orders_for_filldb` (`id`, `user_id`, `created_at`, `updated_at`) VALUES ('67', '17', '1980-05-20 21:51:29', '1981-06-11 10:40:52');
INSERT INTO `orders_for_filldb` (`id`, `user_id`, `created_at`, `updated_at`) VALUES ('68', '18', '2013-05-11 00:44:05', '2018-01-04 23:32:31');
INSERT INTO `orders_for_filldb` (`id`, `user_id`, `created_at`, `updated_at`) VALUES ('69', '19', '2008-12-31 19:15:00', '2003-01-31 14:56:08');
INSERT INTO `orders_for_filldb` (`id`, `user_id`, `created_at`, `updated_at`) VALUES ('70', '20', '2019-07-21 19:05:14', '1984-08-26 06:15:35');
INSERT INTO `orders_for_filldb` (`id`, `user_id`, `created_at`, `updated_at`) VALUES ('71', '21', '1979-10-18 07:55:32', '2002-08-28 10:04:25');
INSERT INTO `orders_for_filldb` (`id`, `user_id`, `created_at`, `updated_at`) VALUES ('72', '22', '2004-06-08 23:31:33', '2011-07-13 01:34:27');
INSERT INTO `orders_for_filldb` (`id`, `user_id`, `created_at`, `updated_at`) VALUES ('73', '23', '2004-02-03 17:02:43', '1984-10-27 18:53:53');
INSERT INTO `orders_for_filldb` (`id`, `user_id`, `created_at`, `updated_at`) VALUES ('74', '24', '2012-07-21 05:30:04', '1983-06-18 02:54:58');
INSERT INTO `orders_for_filldb` (`id`, `user_id`, `created_at`, `updated_at`) VALUES ('75', '25', '2020-03-27 11:11:33', '1999-06-13 20:12:13');
INSERT INTO `orders_for_filldb` (`id`, `user_id`, `created_at`, `updated_at`) VALUES ('76', '26', '2005-10-16 06:21:27', '1970-03-25 07:56:49');
INSERT INTO `orders_for_filldb` (`id`, `user_id`, `created_at`, `updated_at`) VALUES ('77', '27', '1987-02-01 21:56:25', '1992-08-11 20:22:39');
INSERT INTO `orders_for_filldb` (`id`, `user_id`, `created_at`, `updated_at`) VALUES ('78', '28', '2003-07-15 23:59:22', '2001-09-12 21:06:50');
INSERT INTO `orders_for_filldb` (`id`, `user_id`, `created_at`, `updated_at`) VALUES ('79', '29', '1982-05-29 00:29:03', '2000-12-18 01:47:51');
INSERT INTO `orders_for_filldb` (`id`, `user_id`, `created_at`, `updated_at`) VALUES ('80', '30', '2002-10-25 12:38:08', '1998-06-19 14:26:31');
INSERT INTO `orders_for_filldb` (`id`, `user_id`, `created_at`, `updated_at`) VALUES ('81', '31', '1985-08-28 23:51:32', '2004-11-28 14:01:52');
INSERT INTO `orders_for_filldb` (`id`, `user_id`, `created_at`, `updated_at`) VALUES ('82', '32', '1980-01-10 11:26:27', '2021-07-28 03:51:07');
INSERT INTO `orders_for_filldb` (`id`, `user_id`, `created_at`, `updated_at`) VALUES ('83', '33', '1984-02-01 16:30:28', '2011-12-04 15:24:17');
INSERT INTO `orders_for_filldb` (`id`, `user_id`, `created_at`, `updated_at`) VALUES ('84', '34', '2011-04-16 01:15:51', '1996-06-10 13:54:57');
INSERT INTO `orders_for_filldb` (`id`, `user_id`, `created_at`, `updated_at`) VALUES ('85', '35', '1999-02-22 21:37:43', '1986-03-21 05:03:25');
INSERT INTO `orders_for_filldb` (`id`, `user_id`, `created_at`, `updated_at`) VALUES ('86', '36', '2008-11-13 19:48:32', '2011-12-07 11:05:28');
INSERT INTO `orders_for_filldb` (`id`, `user_id`, `created_at`, `updated_at`) VALUES ('87', '37', '1984-10-19 05:59:48', '1992-09-08 10:26:34');
INSERT INTO `orders_for_filldb` (`id`, `user_id`, `created_at`, `updated_at`) VALUES ('88', '38', '1977-05-15 20:02:08', '2020-09-18 01:42:44');
INSERT INTO `orders_for_filldb` (`id`, `user_id`, `created_at`, `updated_at`) VALUES ('89', '39', '2005-09-29 21:27:05', '2002-02-24 03:38:27');
INSERT INTO `orders_for_filldb` (`id`, `user_id`, `created_at`, `updated_at`) VALUES ('90', '40', '1983-03-24 22:30:34', '1980-02-19 18:07:43');
INSERT INTO `orders_for_filldb` (`id`, `user_id`, `created_at`, `updated_at`) VALUES ('91', '41', '2009-10-12 05:34:29', '2014-01-26 13:30:39');
INSERT INTO `orders_for_filldb` (`id`, `user_id`, `created_at`, `updated_at`) VALUES ('92', '42', '1981-05-03 09:44:08', '1971-07-21 20:50:40');
INSERT INTO `orders_for_filldb` (`id`, `user_id`, `created_at`, `updated_at`) VALUES ('93', '43', '2011-12-30 03:25:17', '2003-09-20 00:13:50');
INSERT INTO `orders_for_filldb` (`id`, `user_id`, `created_at`, `updated_at`) VALUES ('94', '44', '2001-09-06 00:13:59', '1989-02-06 16:10:37');
INSERT INTO `orders_for_filldb` (`id`, `user_id`, `created_at`, `updated_at`) VALUES ('95', '45', '2008-03-11 06:43:31', '1994-01-06 12:42:44');
INSERT INTO `orders_for_filldb` (`id`, `user_id`, `created_at`, `updated_at`) VALUES ('96', '46', '1990-03-07 11:17:42', '2004-07-31 18:07:39');
INSERT INTO `orders_for_filldb` (`id`, `user_id`, `created_at`, `updated_at`) VALUES ('97', '47', '1991-04-13 07:23:47', '1984-07-03 22:26:15');
INSERT INTO `orders_for_filldb` (`id`, `user_id`, `created_at`, `updated_at`) VALUES ('98', '48', '1974-09-25 20:15:16', '1980-12-02 07:34:15');
INSERT INTO `orders_for_filldb` (`id`, `user_id`, `created_at`, `updated_at`) VALUES ('99', '49', '1970-03-31 21:52:22', '1988-12-04 17:17:31');
INSERT INTO `orders_for_filldb` (`id`, `user_id`, `created_at`, `updated_at`) VALUES ('100', '50', '1998-06-06 19:23:06', '1987-07-20 11:46:51');


INSERT INTO `orders_products` (`id`, `order_id`, `product_id`, `total`, `total_price`, `created_at`, `updated_at`) VALUES ('1', '1', '1', '1', '160557', '2018-03-02 07:25:45', '2009-06-27 18:07:31');
INSERT INTO `orders_products` (`id`, `order_id`, `product_id`, `total`, `total_price`, `created_at`, `updated_at`) VALUES ('2', '2', '2', '1', '7247', '2015-05-19 05:01:06', '1980-11-23 01:25:27');
INSERT INTO `orders_products` (`id`, `order_id`, `product_id`, `total`, `total_price`, `created_at`, `updated_at`) VALUES ('3', '3', '3', '1', '0', '2011-01-25 06:53:47', '2010-06-12 03:05:20');
INSERT INTO `orders_products` (`id`, `order_id`, `product_id`, `total`, `total_price`, `created_at`, `updated_at`) VALUES ('4', '4', '4', '1', '61490768', '1997-11-13 14:40:47', '1979-05-16 11:53:18');
INSERT INTO `orders_products` (`id`, `order_id`, `product_id`, `total`, `total_price`, `created_at`, `updated_at`) VALUES ('5', '5', '5', '1', '3267', '1985-08-27 02:49:28', '1977-11-11 03:35:21');
INSERT INTO `orders_products` (`id`, `order_id`, `product_id`, `total`, `total_price`, `created_at`, `updated_at`) VALUES ('6', '6', '6', '1', '0', '1998-02-04 20:45:04', '1975-02-10 16:59:33');
INSERT INTO `orders_products` (`id`, `order_id`, `product_id`, `total`, `total_price`, `created_at`, `updated_at`) VALUES ('7', '7', '7', '1', '5068533', '1982-07-07 01:15:45', '2004-06-29 20:37:13');
INSERT INTO `orders_products` (`id`, `order_id`, `product_id`, `total`, `total_price`, `created_at`, `updated_at`) VALUES ('8', '8', '8', '1', '1002998', '1983-09-24 04:11:44', '1978-08-30 15:21:09');
INSERT INTO `orders_products` (`id`, `order_id`, `product_id`, `total`, `total_price`, `created_at`, `updated_at`) VALUES ('9', '9', '9', '1', '198', '1972-03-20 10:17:13', '2019-03-29 02:13:34');
INSERT INTO `orders_products` (`id`, `order_id`, `product_id`, `total`, `total_price`, `created_at`, `updated_at`) VALUES ('10', '10', '10', '1', '4813347', '1976-09-18 21:12:30', '2014-09-04 20:14:28');
INSERT INTO `orders_products` (`id`, `order_id`, `product_id`, `total`, `total_price`, `created_at`, `updated_at`) VALUES ('11', '11', '11', '1', '0', '2001-01-02 02:40:38', '1998-12-15 04:16:55');
INSERT INTO `orders_products` (`id`, `order_id`, `product_id`, `total`, `total_price`, `created_at`, `updated_at`) VALUES ('12', '12', '12', '1', '26771529', '2003-04-28 16:58:37', '1978-11-29 09:09:22');
INSERT INTO `orders_products` (`id`, `order_id`, `product_id`, `total`, `total_price`, `created_at`, `updated_at`) VALUES ('13', '13', '13', '1', '8373199', '2004-05-11 12:25:46', '1990-03-03 00:29:41');
INSERT INTO `orders_products` (`id`, `order_id`, `product_id`, `total`, `total_price`, `created_at`, `updated_at`) VALUES ('14', '14', '14', '1', '1171454', '1983-04-08 06:52:59', '1995-02-28 00:06:49');
INSERT INTO `orders_products` (`id`, `order_id`, `product_id`, `total`, `total_price`, `created_at`, `updated_at`) VALUES ('15', '15', '15', '1', '1323179', '2005-07-22 19:21:55', '2012-12-19 03:00:16');
INSERT INTO `orders_products` (`id`, `order_id`, `product_id`, `total`, `total_price`, `created_at`, `updated_at`) VALUES ('16', '16', '16', '1', '4106', '2011-05-26 12:00:50', '1992-11-27 11:40:45');
INSERT INTO `orders_products` (`id`, `order_id`, `product_id`, `total`, `total_price`, `created_at`, `updated_at`) VALUES ('17', '17', '17', '1', '7688288', '2011-05-06 14:48:57', '1977-06-01 22:54:48');
INSERT INTO `orders_products` (`id`, `order_id`, `product_id`, `total`, `total_price`, `created_at`, `updated_at`) VALUES ('18', '18', '18', '1', '41544037', '1988-04-11 01:14:16', '1975-03-21 22:54:44');
INSERT INTO `orders_products` (`id`, `order_id`, `product_id`, `total`, `total_price`, `created_at`, `updated_at`) VALUES ('19', '19', '19', '1', '27', '1999-01-13 18:59:42', '1972-05-08 20:19:19');
INSERT INTO `orders_products` (`id`, `order_id`, `product_id`, `total`, `total_price`, `created_at`, `updated_at`) VALUES ('20', '20', '20', '1', '441910432', '1994-03-01 03:46:25', '1989-01-29 09:00:08');
INSERT INTO `orders_products` (`id`, `order_id`, `product_id`, `total`, `total_price`, `created_at`, `updated_at`) VALUES ('21', '21', '21', '1', '0', '2005-05-26 02:52:25', '1985-02-19 06:12:17');
INSERT INTO `orders_products` (`id`, `order_id`, `product_id`, `total`, `total_price`, `created_at`, `updated_at`) VALUES ('22', '22', '22', '1', '566694522', '2005-07-16 18:56:07', '1990-10-06 18:39:31');
INSERT INTO `orders_products` (`id`, `order_id`, `product_id`, `total`, `total_price`, `created_at`, `updated_at`) VALUES ('23', '23', '23', '1', '16109827', '2004-05-08 02:59:02', '2008-09-05 08:30:28');
INSERT INTO `orders_products` (`id`, `order_id`, `product_id`, `total`, `total_price`, `created_at`, `updated_at`) VALUES ('24', '24', '24', '1', '547605', '2010-02-07 18:42:50', '1970-07-21 08:55:20');
INSERT INTO `orders_products` (`id`, `order_id`, `product_id`, `total`, `total_price`, `created_at`, `updated_at`) VALUES ('25', '25', '25', '1', '7', '1998-01-07 13:13:53', '1986-03-06 22:18:51');
INSERT INTO `orders_products` (`id`, `order_id`, `product_id`, `total`, `total_price`, `created_at`, `updated_at`) VALUES ('26', '26', '26', '1', '584287', '1998-08-09 03:36:44', '1979-01-12 21:37:55');
INSERT INTO `orders_products` (`id`, `order_id`, `product_id`, `total`, `total_price`, `created_at`, `updated_at`) VALUES ('27', '27', '27', '1', '225', '1975-09-22 19:29:27', '1998-05-13 06:42:52');
INSERT INTO `orders_products` (`id`, `order_id`, `product_id`, `total`, `total_price`, `created_at`, `updated_at`) VALUES ('28', '28', '28', '1', '1503', '1988-01-13 15:06:57', '2007-11-14 07:09:58');
INSERT INTO `orders_products` (`id`, `order_id`, `product_id`, `total`, `total_price`, `created_at`, `updated_at`) VALUES ('29', '29', '29', '1', '185305', '2003-04-06 18:06:53', '1979-11-23 08:57:57');
INSERT INTO `orders_products` (`id`, `order_id`, `product_id`, `total`, `total_price`, `created_at`, `updated_at`) VALUES ('30', '30', '30', '1', '0', '1985-03-05 03:34:09', '1997-09-17 18:26:30');
INSERT INTO `orders_products` (`id`, `order_id`, `product_id`, `total`, `total_price`, `created_at`, `updated_at`) VALUES ('31', '31', '1', '1', '205', '1988-05-07 19:31:37', '2003-05-29 16:25:20');
INSERT INTO `orders_products` (`id`, `order_id`, `product_id`, `total`, `total_price`, `created_at`, `updated_at`) VALUES ('32', '32', '2', '1', '6972927', '2000-05-22 06:14:03', '1977-09-21 22:38:31');
INSERT INTO `orders_products` (`id`, `order_id`, `product_id`, `total`, `total_price`, `created_at`, `updated_at`) VALUES ('33', '33', '3', '1', '37816', '2007-09-15 20:41:13', '2004-05-22 09:24:46');
INSERT INTO `orders_products` (`id`, `order_id`, `product_id`, `total`, `total_price`, `created_at`, `updated_at`) VALUES ('34', '34', '4', '1', '17568638', '1992-10-19 00:40:54', '1974-07-26 17:51:30');
INSERT INTO `orders_products` (`id`, `order_id`, `product_id`, `total`, `total_price`, `created_at`, `updated_at`) VALUES ('35', '35', '5', '1', '58791', '2007-01-05 05:08:55', '1981-12-23 05:50:57');
INSERT INTO `orders_products` (`id`, `order_id`, `product_id`, `total`, `total_price`, `created_at`, `updated_at`) VALUES ('36', '36', '6', '1', '24', '1991-09-26 08:03:14', '1970-04-10 16:35:09');
INSERT INTO `orders_products` (`id`, `order_id`, `product_id`, `total`, `total_price`, `created_at`, `updated_at`) VALUES ('37', '37', '7', '1', '0', '2016-05-08 09:07:04', '2019-01-09 10:33:32');
INSERT INTO `orders_products` (`id`, `order_id`, `product_id`, `total`, `total_price`, `created_at`, `updated_at`) VALUES ('38', '38', '8', '1', '26812076', '1979-06-25 22:59:21', '2011-03-11 08:06:55');
INSERT INTO `orders_products` (`id`, `order_id`, `product_id`, `total`, `total_price`, `created_at`, `updated_at`) VALUES ('39', '39', '9', '1', '656472', '2003-03-06 03:01:03', '2019-05-16 02:28:00');
INSERT INTO `orders_products` (`id`, `order_id`, `product_id`, `total`, `total_price`, `created_at`, `updated_at`) VALUES ('40', '40', '10', '1', '0', '1976-09-25 09:01:08', '1979-04-03 19:14:21');
INSERT INTO `orders_products` (`id`, `order_id`, `product_id`, `total`, `total_price`, `created_at`, `updated_at`) VALUES ('41', '41', '11', '1', '1505', '2011-05-06 09:05:42', '1988-05-20 00:07:18');
INSERT INTO `orders_products` (`id`, `order_id`, `product_id`, `total`, `total_price`, `created_at`, `updated_at`) VALUES ('42', '42', '12', '1', '7', '1975-04-17 14:00:38', '1987-10-18 03:20:59');
INSERT INTO `orders_products` (`id`, `order_id`, `product_id`, `total`, `total_price`, `created_at`, `updated_at`) VALUES ('43', '43', '13', '1', '8446470', '1993-10-22 15:17:51', '1989-06-26 17:49:42');
INSERT INTO `orders_products` (`id`, `order_id`, `product_id`, `total`, `total_price`, `created_at`, `updated_at`) VALUES ('44', '44', '14', '1', '3727980', '1986-07-11 17:51:00', '1995-11-03 23:12:41');
INSERT INTO `orders_products` (`id`, `order_id`, `product_id`, `total`, `total_price`, `created_at`, `updated_at`) VALUES ('45', '45', '15', '1', '328289', '1970-09-18 21:51:54', '2015-10-16 05:05:29');
INSERT INTO `orders_products` (`id`, `order_id`, `product_id`, `total`, `total_price`, `created_at`, `updated_at`) VALUES ('46', '46', '16', '1', '392029', '1978-12-15 01:42:17', '2021-04-28 13:48:49');
INSERT INTO `orders_products` (`id`, `order_id`, `product_id`, `total`, `total_price`, `created_at`, `updated_at`) VALUES ('47', '47', '17', '1', '0', '2018-09-11 10:05:11', '1997-06-16 12:14:25');
INSERT INTO `orders_products` (`id`, `order_id`, `product_id`, `total`, `total_price`, `created_at`, `updated_at`) VALUES ('48', '48', '18', '1', '28143', '1971-05-10 04:13:35', '1979-09-27 21:54:43');
INSERT INTO `orders_products` (`id`, `order_id`, `product_id`, `total`, `total_price`, `created_at`, `updated_at`) VALUES ('49', '49', '19', '1', '0', '2019-01-04 09:04:48', '1997-10-12 05:04:30');
INSERT INTO `orders_products` (`id`, `order_id`, `product_id`, `total`, `total_price`, `created_at`, `updated_at`) VALUES ('50', '50', '20', '1', '14274792', '2008-09-26 03:18:12', '2018-11-28 05:34:59');
INSERT INTO `orders_products` (`id`, `order_id`, `product_id`, `total`, `total_price`, `created_at`, `updated_at`) VALUES ('51', '51', '21', '1', '496', '2001-01-14 09:53:32', '1989-11-09 20:25:51');
INSERT INTO `orders_products` (`id`, `order_id`, `product_id`, `total`, `total_price`, `created_at`, `updated_at`) VALUES ('52', '52', '22', '1', '110301', '1978-10-20 04:34:14', '2018-10-04 22:54:15');
INSERT INTO `orders_products` (`id`, `order_id`, `product_id`, `total`, `total_price`, `created_at`, `updated_at`) VALUES ('53', '53', '23', '1', '6909', '1970-10-23 08:07:11', '1995-12-23 04:14:28');
INSERT INTO `orders_products` (`id`, `order_id`, `product_id`, `total`, `total_price`, `created_at`, `updated_at`) VALUES ('54', '54', '24', '1', '10', '1975-04-29 02:23:46', '2017-06-15 08:44:25');
INSERT INTO `orders_products` (`id`, `order_id`, `product_id`, `total`, `total_price`, `created_at`, `updated_at`) VALUES ('55', '55', '25', '1', '1623', '1978-08-09 14:29:18', '2016-08-07 02:33:14');
INSERT INTO `orders_products` (`id`, `order_id`, `product_id`, `total`, `total_price`, `created_at`, `updated_at`) VALUES ('56', '56', '26', '1', '3656', '2010-03-29 11:27:08', '2014-08-17 13:11:45');
INSERT INTO `orders_products` (`id`, `order_id`, `product_id`, `total`, `total_price`, `created_at`, `updated_at`) VALUES ('57', '57', '27', '1', '2501993', '2007-08-14 00:26:50', '2007-01-15 02:31:26');
INSERT INTO `orders_products` (`id`, `order_id`, `product_id`, `total`, `total_price`, `created_at`, `updated_at`) VALUES ('58', '58', '28', '1', '36015', '1974-10-14 06:30:10', '2018-08-26 11:53:51');
INSERT INTO `orders_products` (`id`, `order_id`, `product_id`, `total`, `total_price`, `created_at`, `updated_at`) VALUES ('59', '59', '29', '1', '8170944', '2020-06-27 03:40:00', '1977-03-28 21:47:27');
INSERT INTO `orders_products` (`id`, `order_id`, `product_id`, `total`, `total_price`, `created_at`, `updated_at`) VALUES ('60', '60', '30', '1', '254978950', '1990-01-11 01:06:09', '2008-01-10 14:27:36');
INSERT INTO `orders_products` (`id`, `order_id`, `product_id`, `total`, `total_price`, `created_at`, `updated_at`) VALUES ('61', '61', '1', '1', '0', '1977-06-23 06:25:06', '1991-09-26 11:33:20');
INSERT INTO `orders_products` (`id`, `order_id`, `product_id`, `total`, `total_price`, `created_at`, `updated_at`) VALUES ('62', '62', '2', '1', '7376302', '1997-10-24 02:19:24', '1972-08-06 20:47:33');
INSERT INTO `orders_products` (`id`, `order_id`, `product_id`, `total`, `total_price`, `created_at`, `updated_at`) VALUES ('63', '63', '3', '1', '18572666', '1982-03-08 18:51:36', '2019-12-07 12:11:37');
INSERT INTO `orders_products` (`id`, `order_id`, `product_id`, `total`, `total_price`, `created_at`, `updated_at`) VALUES ('64', '64', '4', '1', '2', '2005-04-12 02:30:46', '2012-07-11 22:01:26');
INSERT INTO `orders_products` (`id`, `order_id`, `product_id`, `total`, `total_price`, `created_at`, `updated_at`) VALUES ('65', '65', '5', '1', '35', '2015-01-31 22:33:37', '1999-08-16 15:44:57');
INSERT INTO `orders_products` (`id`, `order_id`, `product_id`, `total`, `total_price`, `created_at`, `updated_at`) VALUES ('66', '66', '6', '1', '40413016', '1985-04-25 16:59:31', '1970-12-24 02:16:41');
INSERT INTO `orders_products` (`id`, `order_id`, `product_id`, `total`, `total_price`, `created_at`, `updated_at`) VALUES ('67', '67', '7', '1', '1982800', '2005-06-10 13:38:54', '2006-05-01 11:16:48');
INSERT INTO `orders_products` (`id`, `order_id`, `product_id`, `total`, `total_price`, `created_at`, `updated_at`) VALUES ('68', '68', '8', '1', '99', '1972-11-28 19:22:37', '2013-02-21 12:43:34');
INSERT INTO `orders_products` (`id`, `order_id`, `product_id`, `total`, `total_price`, `created_at`, `updated_at`) VALUES ('69', '69', '9', '1', '311253895', '1984-10-20 09:03:33', '1980-10-22 05:00:04');
INSERT INTO `orders_products` (`id`, `order_id`, `product_id`, `total`, `total_price`, `created_at`, `updated_at`) VALUES ('70', '70', '10', '1', '88', '2013-05-14 12:38:33', '1976-12-16 02:43:52');
INSERT INTO `orders_products` (`id`, `order_id`, `product_id`, `total`, `total_price`, `created_at`, `updated_at`) VALUES ('71', '71', '11', '1', '210655270', '2013-08-31 12:50:39', '1995-10-29 20:24:41');
INSERT INTO `orders_products` (`id`, `order_id`, `product_id`, `total`, `total_price`, `created_at`, `updated_at`) VALUES ('72', '72', '12', '1', '190627', '1995-08-12 06:02:12', '1997-11-26 13:52:49');
INSERT INTO `orders_products` (`id`, `order_id`, `product_id`, `total`, `total_price`, `created_at`, `updated_at`) VALUES ('73', '73', '13', '1', '5038', '1971-01-26 04:46:17', '1981-02-22 20:58:29');
INSERT INTO `orders_products` (`id`, `order_id`, `product_id`, `total`, `total_price`, `created_at`, `updated_at`) VALUES ('74', '74', '14', '1', '2424', '2002-08-15 05:43:16', '1993-04-18 13:56:35');
INSERT INTO `orders_products` (`id`, `order_id`, `product_id`, `total`, `total_price`, `created_at`, `updated_at`) VALUES ('75', '75', '15', '1', '10089259', '2014-10-23 13:28:48', '2015-05-03 03:40:15');
INSERT INTO `orders_products` (`id`, `order_id`, `product_id`, `total`, `total_price`, `created_at`, `updated_at`) VALUES ('76', '76', '16', '1', '666213', '2021-04-08 22:54:33', '1973-06-06 03:47:57');
INSERT INTO `orders_products` (`id`, `order_id`, `product_id`, `total`, `total_price`, `created_at`, `updated_at`) VALUES ('77', '77', '17', '1', '1712399', '1983-04-20 22:10:41', '1977-06-14 04:59:25');
INSERT INTO `orders_products` (`id`, `order_id`, `product_id`, `total`, `total_price`, `created_at`, `updated_at`) VALUES ('78', '78', '18', '1', '49110089', '2009-12-08 15:29:35', '1975-09-02 08:04:31');
INSERT INTO `orders_products` (`id`, `order_id`, `product_id`, `total`, `total_price`, `created_at`, `updated_at`) VALUES ('79', '79', '19', '1', '528582934', '1990-03-31 00:29:25', '1985-10-28 10:44:10');
INSERT INTO `orders_products` (`id`, `order_id`, `product_id`, `total`, `total_price`, `created_at`, `updated_at`) VALUES ('80', '80', '20', '1', '0', '2016-11-19 14:29:25', '1981-12-06 07:34:03');
INSERT INTO `orders_products` (`id`, `order_id`, `product_id`, `total`, `total_price`, `created_at`, `updated_at`) VALUES ('81', '81', '21', '1', '1906899', '1983-02-07 04:40:12', '2017-06-14 22:44:46');
INSERT INTO `orders_products` (`id`, `order_id`, `product_id`, `total`, `total_price`, `created_at`, `updated_at`) VALUES ('82', '82', '22', '1', '334968657', '2007-10-02 11:32:40', '1975-02-11 21:47:33');
INSERT INTO `orders_products` (`id`, `order_id`, `product_id`, `total`, `total_price`, `created_at`, `updated_at`) VALUES ('83', '83', '23', '1', '108', '2002-03-20 03:06:59', '1976-10-23 00:45:55');
INSERT INTO `orders_products` (`id`, `order_id`, `product_id`, `total`, `total_price`, `created_at`, `updated_at`) VALUES ('84', '84', '24', '1', '21202', '2002-04-11 16:45:38', '1983-08-30 10:12:41');
INSERT INTO `orders_products` (`id`, `order_id`, `product_id`, `total`, `total_price`, `created_at`, `updated_at`) VALUES ('85', '85', '25', '1', '116', '2005-03-23 05:12:11', '1978-08-30 17:54:43');
INSERT INTO `orders_products` (`id`, `order_id`, `product_id`, `total`, `total_price`, `created_at`, `updated_at`) VALUES ('86', '86', '26', '1', '16', '1992-06-05 08:33:46', '1988-12-13 10:57:10');
INSERT INTO `orders_products` (`id`, `order_id`, `product_id`, `total`, `total_price`, `created_at`, `updated_at`) VALUES ('87', '87', '27', '1', '0', '2015-06-20 22:27:56', '2012-08-20 04:02:58');
INSERT INTO `orders_products` (`id`, `order_id`, `product_id`, `total`, `total_price`, `created_at`, `updated_at`) VALUES ('88', '88', '28', '1', '633787', '1978-04-29 14:38:47', '1988-06-21 14:30:42');
INSERT INTO `orders_products` (`id`, `order_id`, `product_id`, `total`, `total_price`, `created_at`, `updated_at`) VALUES ('89', '89', '29', '1', '542199', '2003-09-05 17:28:03', '1972-07-20 10:29:05');
INSERT INTO `orders_products` (`id`, `order_id`, `product_id`, `total`, `total_price`, `created_at`, `updated_at`) VALUES ('90', '90', '30', '1', '0', '2020-10-30 16:54:49', '1997-12-02 10:24:40');
INSERT INTO `orders_products` (`id`, `order_id`, `product_id`, `total`, `total_price`, `created_at`, `updated_at`) VALUES ('91', '91', '1', '1', '178313033', '1986-09-18 08:42:41', '2007-02-06 07:47:16');
INSERT INTO `orders_products` (`id`, `order_id`, `product_id`, `total`, `total_price`, `created_at`, `updated_at`) VALUES ('92', '92', '2', '1', '9510419', '1989-11-16 01:10:45', '1971-01-28 13:34:48');
INSERT INTO `orders_products` (`id`, `order_id`, `product_id`, `total`, `total_price`, `created_at`, `updated_at`) VALUES ('93', '93', '3', '1', '2889', '1991-07-31 13:16:02', '1970-05-17 03:35:24');
INSERT INTO `orders_products` (`id`, `order_id`, `product_id`, `total`, `total_price`, `created_at`, `updated_at`) VALUES ('94', '94', '4', '1', '250808470', '1981-10-08 21:19:12', '1996-02-17 21:53:14');
INSERT INTO `orders_products` (`id`, `order_id`, `product_id`, `total`, `total_price`, `created_at`, `updated_at`) VALUES ('95', '95', '5', '1', '5693473', '1971-06-09 13:21:18', '2011-05-03 01:04:33');
INSERT INTO `orders_products` (`id`, `order_id`, `product_id`, `total`, `total_price`, `created_at`, `updated_at`) VALUES ('96', '96', '6', '1', '1', '1971-05-07 04:42:54', '2010-11-10 17:44:57');
INSERT INTO `orders_products` (`id`, `order_id`, `product_id`, `total`, `total_price`, `created_at`, `updated_at`) VALUES ('97', '97', '7', '1', '23', '2017-05-16 14:41:28', '2010-07-21 03:59:35');
INSERT INTO `orders_products` (`id`, `order_id`, `product_id`, `total`, `total_price`, `created_at`, `updated_at`) VALUES ('98', '98', '8', '1', '30', '2005-04-25 08:33:45', '1976-03-05 08:02:29');
INSERT INTO `orders_products` (`id`, `order_id`, `product_id`, `total`, `total_price`, `created_at`, `updated_at`) VALUES ('99', '99', '9', '1', '842840537', '2018-04-13 23:04:51', '1985-04-25 04:37:41');
INSERT INTO `orders_products` (`id`, `order_id`, `product_id`, `total`, `total_price`, `created_at`, `updated_at`) VALUES ('100', '100', '10', '1', '165', '2014-12-06 09:20:23', '1986-03-28 09:38:06');
INSERT INTO `orders_products` (`id`, `order_id`, `product_id`, `total`, `total_price`, `created_at`, `updated_at`) VALUES ('101', '1', '11', '1', '55333886', '2021-12-23 03:25:46', '2011-10-10 21:37:45');
INSERT INTO `orders_products` (`id`, `order_id`, `product_id`, `total`, `total_price`, `created_at`, `updated_at`) VALUES ('102', '2', '12', '1', '354217', '1979-07-17 07:32:42', '1976-12-05 23:32:32');
INSERT INTO `orders_products` (`id`, `order_id`, `product_id`, `total`, `total_price`, `created_at`, `updated_at`) VALUES ('103', '3', '13', '1', '214415', '2020-11-06 19:40:59', '1973-03-12 03:52:34');
INSERT INTO `orders_products` (`id`, `order_id`, `product_id`, `total`, `total_price`, `created_at`, `updated_at`) VALUES ('104', '4', '14', '1', '8730011', '2021-10-22 15:22:10', '1997-01-13 06:29:53');
INSERT INTO `orders_products` (`id`, `order_id`, `product_id`, `total`, `total_price`, `created_at`, `updated_at`) VALUES ('105', '5', '15', '1', '70342098', '1993-05-27 13:05:57', '1986-06-15 22:04:16');
INSERT INTO `orders_products` (`id`, `order_id`, `product_id`, `total`, `total_price`, `created_at`, `updated_at`) VALUES ('106', '6', '16', '1', '512839', '2020-05-24 11:22:40', '1993-08-21 07:09:42');
INSERT INTO `orders_products` (`id`, `order_id`, `product_id`, `total`, `total_price`, `created_at`, `updated_at`) VALUES ('107', '7', '17', '1', '53935', '2000-10-16 04:08:22', '2007-01-22 05:39:33');
INSERT INTO `orders_products` (`id`, `order_id`, `product_id`, `total`, `total_price`, `created_at`, `updated_at`) VALUES ('108', '8', '18', '1', '14409', '1987-11-10 22:23:08', '2014-09-13 22:41:12');
INSERT INTO `orders_products` (`id`, `order_id`, `product_id`, `total`, `total_price`, `created_at`, `updated_at`) VALUES ('109', '9', '19', '1', '0', '1973-08-27 15:21:36', '2000-08-21 07:56:12');
INSERT INTO `orders_products` (`id`, `order_id`, `product_id`, `total`, `total_price`, `created_at`, `updated_at`) VALUES ('110', '10', '20', '1', '722', '2004-12-17 20:02:22', '1979-02-10 16:07:21');
INSERT INTO `orders_products` (`id`, `order_id`, `product_id`, `total`, `total_price`, `created_at`, `updated_at`) VALUES ('111', '11', '21', '1', '1289382', '1992-03-27 02:03:28', '1977-04-08 13:43:19');
INSERT INTO `orders_products` (`id`, `order_id`, `product_id`, `total`, `total_price`, `created_at`, `updated_at`) VALUES ('112', '12', '22', '1', '816204', '2003-10-13 22:34:23', '1996-03-23 09:52:21');
INSERT INTO `orders_products` (`id`, `order_id`, `product_id`, `total`, `total_price`, `created_at`, `updated_at`) VALUES ('113', '13', '23', '1', '0', '1970-01-20 14:49:33', '1995-12-27 17:17:47');
INSERT INTO `orders_products` (`id`, `order_id`, `product_id`, `total`, `total_price`, `created_at`, `updated_at`) VALUES ('114', '14', '24', '1', '5639207', '2013-01-04 02:08:54', '2020-04-27 20:47:28');
INSERT INTO `orders_products` (`id`, `order_id`, `product_id`, `total`, `total_price`, `created_at`, `updated_at`) VALUES ('115', '15', '25', '1', '531772171', '1979-09-21 03:09:40', '1988-04-12 15:07:06');
INSERT INTO `orders_products` (`id`, `order_id`, `product_id`, `total`, `total_price`, `created_at`, `updated_at`) VALUES ('116', '16', '26', '1', '1166080', '1972-01-17 18:52:03', '1993-10-29 04:46:00');
INSERT INTO `orders_products` (`id`, `order_id`, `product_id`, `total`, `total_price`, `created_at`, `updated_at`) VALUES ('117', '17', '27', '1', '427370', '1973-09-03 09:35:53', '1976-06-13 12:21:48');
INSERT INTO `orders_products` (`id`, `order_id`, `product_id`, `total`, `total_price`, `created_at`, `updated_at`) VALUES ('118', '18', '28', '1', '953', '1994-05-14 10:22:30', '2016-02-06 00:33:13');
INSERT INTO `orders_products` (`id`, `order_id`, `product_id`, `total`, `total_price`, `created_at`, `updated_at`) VALUES ('119', '19', '29', '1', '0', '1971-11-08 20:18:14', '1996-03-15 12:31:35');
INSERT INTO `orders_products` (`id`, `order_id`, `product_id`, `total`, `total_price`, `created_at`, `updated_at`) VALUES ('120', '20', '30', '1', '0', '1971-07-18 15:00:38', '2001-08-15 20:41:09');
INSERT INTO `orders_products` (`id`, `order_id`, `product_id`, `total`, `total_price`, `created_at`, `updated_at`) VALUES ('121', '21', '1', '1', '806', '1975-03-24 09:26:38', '2021-03-20 00:02:16');
INSERT INTO `orders_products` (`id`, `order_id`, `product_id`, `total`, `total_price`, `created_at`, `updated_at`) VALUES ('122', '22', '2', '1', '39', '1975-11-14 06:36:01', '2021-06-13 12:48:47');
INSERT INTO `orders_products` (`id`, `order_id`, `product_id`, `total`, `total_price`, `created_at`, `updated_at`) VALUES ('123', '23', '3', '1', '2889191', '1971-06-29 22:03:55', '1974-08-14 11:54:17');
INSERT INTO `orders_products` (`id`, `order_id`, `product_id`, `total`, `total_price`, `created_at`, `updated_at`) VALUES ('124', '24', '4', '1', '140579', '1993-02-14 02:59:45', '2000-09-02 13:23:08');
INSERT INTO `orders_products` (`id`, `order_id`, `product_id`, `total`, `total_price`, `created_at`, `updated_at`) VALUES ('125', '25', '5', '1', '21474546', '2019-09-05 18:07:51', '1970-12-22 09:20:45');
INSERT INTO `orders_products` (`id`, `order_id`, `product_id`, `total`, `total_price`, `created_at`, `updated_at`) VALUES ('126', '26', '6', '1', '268395926', '2012-03-24 09:31:47', '1987-07-02 03:36:12');
INSERT INTO `orders_products` (`id`, `order_id`, `product_id`, `total`, `total_price`, `created_at`, `updated_at`) VALUES ('127', '27', '7', '1', '454384425', '1976-03-15 20:39:13', '1975-05-02 13:35:26');
INSERT INTO `orders_products` (`id`, `order_id`, `product_id`, `total`, `total_price`, `created_at`, `updated_at`) VALUES ('128', '28', '8', '1', '1009988', '1988-10-12 04:30:22', '1979-04-19 02:10:01');
INSERT INTO `orders_products` (`id`, `order_id`, `product_id`, `total`, `total_price`, `created_at`, `updated_at`) VALUES ('129', '29', '9', '1', '2226', '2016-03-06 15:27:05', '2005-06-28 17:10:06');
INSERT INTO `orders_products` (`id`, `order_id`, `product_id`, `total`, `total_price`, `created_at`, `updated_at`) VALUES ('130', '30', '10', '1', '121471', '1989-04-01 11:34:20', '2014-12-24 22:53:15');
INSERT INTO `orders_products` (`id`, `order_id`, `product_id`, `total`, `total_price`, `created_at`, `updated_at`) VALUES ('131', '31', '11', '1', '331771', '1986-06-14 07:46:29', '1989-08-20 04:36:51');
INSERT INTO `orders_products` (`id`, `order_id`, `product_id`, `total`, `total_price`, `created_at`, `updated_at`) VALUES ('132', '32', '12', '1', '12666986', '2019-02-08 23:30:48', '2019-11-11 02:27:58');
INSERT INTO `orders_products` (`id`, `order_id`, `product_id`, `total`, `total_price`, `created_at`, `updated_at`) VALUES ('133', '33', '13', '1', '11620', '2017-07-29 23:50:18', '1987-08-28 00:12:47');
INSERT INTO `orders_products` (`id`, `order_id`, `product_id`, `total`, `total_price`, `created_at`, `updated_at`) VALUES ('134', '34', '14', '1', '18836', '1988-02-03 10:18:54', '2012-02-11 08:02:12');
INSERT INTO `orders_products` (`id`, `order_id`, `product_id`, `total`, `total_price`, `created_at`, `updated_at`) VALUES ('135', '35', '15', '1', '2', '1995-05-18 08:09:27', '2014-06-08 08:18:43');
INSERT INTO `orders_products` (`id`, `order_id`, `product_id`, `total`, `total_price`, `created_at`, `updated_at`) VALUES ('136', '36', '16', '1', '844850', '1999-02-06 10:06:46', '1971-01-15 12:05:07');
INSERT INTO `orders_products` (`id`, `order_id`, `product_id`, `total`, `total_price`, `created_at`, `updated_at`) VALUES ('137', '37', '17', '1', '166', '1989-05-17 05:05:24', '2013-04-06 21:51:52');
INSERT INTO `orders_products` (`id`, `order_id`, `product_id`, `total`, `total_price`, `created_at`, `updated_at`) VALUES ('138', '38', '18', '1', '27831', '1976-10-11 04:58:01', '1972-07-27 14:39:45');
INSERT INTO `orders_products` (`id`, `order_id`, `product_id`, `total`, `total_price`, `created_at`, `updated_at`) VALUES ('139', '39', '19', '1', '29', '1984-02-11 09:49:31', '2008-04-01 12:50:54');
INSERT INTO `orders_products` (`id`, `order_id`, `product_id`, `total`, `total_price`, `created_at`, `updated_at`) VALUES ('140', '40', '20', '1', '3308', '2020-08-13 06:15:50', '1975-03-02 20:43:17');
INSERT INTO `orders_products` (`id`, `order_id`, `product_id`, `total`, `total_price`, `created_at`, `updated_at`) VALUES ('141', '41', '21', '1', '37890413', '2015-05-20 14:31:23', '2010-11-23 22:21:22');
INSERT INTO `orders_products` (`id`, `order_id`, `product_id`, `total`, `total_price`, `created_at`, `updated_at`) VALUES ('142', '42', '22', '1', '118174848', '1995-07-08 12:27:28', '2016-07-13 14:41:40');
INSERT INTO `orders_products` (`id`, `order_id`, `product_id`, `total`, `total_price`, `created_at`, `updated_at`) VALUES ('143', '43', '23', '1', '9', '2004-08-01 15:59:42', '1984-08-10 06:04:42');
INSERT INTO `orders_products` (`id`, `order_id`, `product_id`, `total`, `total_price`, `created_at`, `updated_at`) VALUES ('144', '44', '24', '1', '285981', '2015-09-19 20:41:01', '1974-09-05 13:25:12');
INSERT INTO `orders_products` (`id`, `order_id`, `product_id`, `total`, `total_price`, `created_at`, `updated_at`) VALUES ('145', '45', '25', '1', '525521', '1983-08-27 11:59:10', '2017-08-18 00:58:23');
INSERT INTO `orders_products` (`id`, `order_id`, `product_id`, `total`, `total_price`, `created_at`, `updated_at`) VALUES ('146', '46', '26', '1', '168', '2013-10-10 19:50:30', '1977-09-06 20:45:56');
INSERT INTO `orders_products` (`id`, `order_id`, `product_id`, `total`, `total_price`, `created_at`, `updated_at`) VALUES ('147', '47', '27', '1', '0', '1985-01-25 20:13:08', '1985-07-08 11:03:35');
INSERT INTO `orders_products` (`id`, `order_id`, `product_id`, `total`, `total_price`, `created_at`, `updated_at`) VALUES ('148', '48', '28', '1', '750372', '1993-04-14 11:30:10', '1999-07-08 07:01:10');
INSERT INTO `orders_products` (`id`, `order_id`, `product_id`, `total`, `total_price`, `created_at`, `updated_at`) VALUES ('149', '49', '29', '1', '270181', '2018-04-11 18:55:55', '1995-05-07 17:50:03');
INSERT INTO `orders_products` (`id`, `order_id`, `product_id`, `total`, `total_price`, `created_at`, `updated_at`) VALUES ('150', '50', '30', '1', '3076', '2011-08-09 13:10:18', '2002-02-19 19:15:39');
INSERT INTO `orders_products` (`id`, `order_id`, `product_id`, `total`, `total_price`, `created_at`, `updated_at`) VALUES ('151', '51', '1', '1', '2', '2001-05-29 09:55:53', '1989-08-19 06:36:01');
INSERT INTO `orders_products` (`id`, `order_id`, `product_id`, `total`, `total_price`, `created_at`, `updated_at`) VALUES ('152', '52', '2', '1', '133', '2010-07-26 08:56:46', '2003-01-17 19:51:02');
INSERT INTO `orders_products` (`id`, `order_id`, `product_id`, `total`, `total_price`, `created_at`, `updated_at`) VALUES ('153', '53', '3', '1', '215217', '1980-01-15 16:36:48', '2008-03-27 21:36:54');
INSERT INTO `orders_products` (`id`, `order_id`, `product_id`, `total`, `total_price`, `created_at`, `updated_at`) VALUES ('154', '54', '4', '1', '180', '1990-06-11 15:15:17', '2008-05-11 04:12:05');
INSERT INTO `orders_products` (`id`, `order_id`, `product_id`, `total`, `total_price`, `created_at`, `updated_at`) VALUES ('155', '55', '5', '1', '2422', '1970-02-14 02:42:34', '2008-03-17 01:25:47');
INSERT INTO `orders_products` (`id`, `order_id`, `product_id`, `total`, `total_price`, `created_at`, `updated_at`) VALUES ('156', '56', '6', '1', '77576622', '2015-08-19 20:44:06', '2002-10-30 10:20:31');
INSERT INTO `orders_products` (`id`, `order_id`, `product_id`, `total`, `total_price`, `created_at`, `updated_at`) VALUES ('157', '57', '7', '1', '27791', '1980-02-10 15:46:54', '2009-08-20 22:34:53');
INSERT INTO `orders_products` (`id`, `order_id`, `product_id`, `total`, `total_price`, `created_at`, `updated_at`) VALUES ('158', '58', '8', '1', '39963972', '2005-10-08 05:59:12', '1974-11-04 03:13:20');
INSERT INTO `orders_products` (`id`, `order_id`, `product_id`, `total`, `total_price`, `created_at`, `updated_at`) VALUES ('159', '59', '9', '1', '0', '1981-09-24 04:20:15', '1985-08-18 08:54:08');
INSERT INTO `orders_products` (`id`, `order_id`, `product_id`, `total`, `total_price`, `created_at`, `updated_at`) VALUES ('160', '60', '10', '1', '17621', '1983-11-29 05:03:20', '1975-07-23 21:47:41');
INSERT INTO `orders_products` (`id`, `order_id`, `product_id`, `total`, `total_price`, `created_at`, `updated_at`) VALUES ('161', '61', '11', '1', '115380531', '1996-12-23 21:22:18', '1975-01-10 22:59:35');
INSERT INTO `orders_products` (`id`, `order_id`, `product_id`, `total`, `total_price`, `created_at`, `updated_at`) VALUES ('162', '62', '12', '1', '752834', '1975-07-21 00:10:18', '1994-10-24 06:12:30');
INSERT INTO `orders_products` (`id`, `order_id`, `product_id`, `total`, `total_price`, `created_at`, `updated_at`) VALUES ('163', '63', '13', '1', '1651690', '1994-01-27 08:25:55', '1986-11-03 06:54:06');
INSERT INTO `orders_products` (`id`, `order_id`, `product_id`, `total`, `total_price`, `created_at`, `updated_at`) VALUES ('164', '64', '14', '1', '453326', '1996-01-22 18:28:34', '1982-12-06 01:53:59');
INSERT INTO `orders_products` (`id`, `order_id`, `product_id`, `total`, `total_price`, `created_at`, `updated_at`) VALUES ('165', '65', '15', '1', '2946', '1990-08-23 09:48:37', '2005-12-16 17:41:30');
INSERT INTO `orders_products` (`id`, `order_id`, `product_id`, `total`, `total_price`, `created_at`, `updated_at`) VALUES ('166', '66', '16', '1', '2587202', '2017-05-04 13:18:36', '1995-09-18 00:51:03');
INSERT INTO `orders_products` (`id`, `order_id`, `product_id`, `total`, `total_price`, `created_at`, `updated_at`) VALUES ('167', '67', '17', '1', '1223387', '2019-06-22 16:13:33', '2002-01-25 04:15:39');
INSERT INTO `orders_products` (`id`, `order_id`, `product_id`, `total`, `total_price`, `created_at`, `updated_at`) VALUES ('168', '68', '18', '1', '137', '1971-04-05 23:55:19', '1970-07-16 12:54:09');
INSERT INTO `orders_products` (`id`, `order_id`, `product_id`, `total`, `total_price`, `created_at`, `updated_at`) VALUES ('169', '69', '19', '1', '1', '2012-06-16 09:17:21', '2016-11-04 19:59:23');
INSERT INTO `orders_products` (`id`, `order_id`, `product_id`, `total`, `total_price`, `created_at`, `updated_at`) VALUES ('170', '70', '20', '1', '81646211', '1975-02-04 10:25:50', '1977-05-13 00:59:37');
INSERT INTO `orders_products` (`id`, `order_id`, `product_id`, `total`, `total_price`, `created_at`, `updated_at`) VALUES ('171', '71', '21', '1', '8973358', '1983-01-18 08:25:07', '2015-12-03 13:26:44');
INSERT INTO `orders_products` (`id`, `order_id`, `product_id`, `total`, `total_price`, `created_at`, `updated_at`) VALUES ('172', '72', '22', '1', '98329', '2019-10-05 21:29:28', '1982-04-25 16:31:12');
INSERT INTO `orders_products` (`id`, `order_id`, `product_id`, `total`, `total_price`, `created_at`, `updated_at`) VALUES ('173', '73', '23', '1', '290', '1985-04-04 18:50:44', '2012-01-11 14:36:36');
INSERT INTO `orders_products` (`id`, `order_id`, `product_id`, `total`, `total_price`, `created_at`, `updated_at`) VALUES ('174', '74', '24', '1', '6297', '2020-07-23 01:36:00', '1974-01-10 03:23:19');
INSERT INTO `orders_products` (`id`, `order_id`, `product_id`, `total`, `total_price`, `created_at`, `updated_at`) VALUES ('175', '75', '25', '1', '39758', '2011-11-20 16:00:04', '2008-03-15 06:38:06');
INSERT INTO `orders_products` (`id`, `order_id`, `product_id`, `total`, `total_price`, `created_at`, `updated_at`) VALUES ('176', '76', '26', '1', '61709669', '2005-04-12 11:00:38', '1987-01-09 07:55:01');
INSERT INTO `orders_products` (`id`, `order_id`, `product_id`, `total`, `total_price`, `created_at`, `updated_at`) VALUES ('177', '77', '27', '1', '537628', '1984-11-21 05:43:30', '1975-07-15 06:05:15');
INSERT INTO `orders_products` (`id`, `order_id`, `product_id`, `total`, `total_price`, `created_at`, `updated_at`) VALUES ('178', '78', '28', '1', '2371', '2002-06-28 02:45:02', '1993-09-03 10:14:06');
INSERT INTO `orders_products` (`id`, `order_id`, `product_id`, `total`, `total_price`, `created_at`, `updated_at`) VALUES ('179', '79', '29', '1', '0', '2020-03-23 18:35:50', '1974-06-07 15:31:56');
INSERT INTO `orders_products` (`id`, `order_id`, `product_id`, `total`, `total_price`, `created_at`, `updated_at`) VALUES ('180', '80', '30', '1', '27', '2005-12-31 19:01:37', '2018-05-29 10:30:07');
INSERT INTO `orders_products` (`id`, `order_id`, `product_id`, `total`, `total_price`, `created_at`, `updated_at`) VALUES ('181', '81', '1', '1', '331607', '2017-07-05 00:24:42', '1995-06-14 05:26:12');
INSERT INTO `orders_products` (`id`, `order_id`, `product_id`, `total`, `total_price`, `created_at`, `updated_at`) VALUES ('182', '82', '2', '1', '31481', '1983-05-31 19:28:38', '1988-06-28 00:07:57');
INSERT INTO `orders_products` (`id`, `order_id`, `product_id`, `total`, `total_price`, `created_at`, `updated_at`) VALUES ('183', '83', '3', '1', '3', '2002-01-11 10:35:13', '1978-06-12 12:33:26');
INSERT INTO `orders_products` (`id`, `order_id`, `product_id`, `total`, `total_price`, `created_at`, `updated_at`) VALUES ('184', '84', '4', '1', '0', '2008-11-18 06:38:48', '2007-06-25 21:09:40');
INSERT INTO `orders_products` (`id`, `order_id`, `product_id`, `total`, `total_price`, `created_at`, `updated_at`) VALUES ('185', '85', '5', '1', '856', '1996-05-01 04:05:18', '2010-12-18 17:56:37');
INSERT INTO `orders_products` (`id`, `order_id`, `product_id`, `total`, `total_price`, `created_at`, `updated_at`) VALUES ('186', '86', '6', '1', '47436', '1977-01-24 14:47:25', '2005-07-27 03:23:36');
INSERT INTO `orders_products` (`id`, `order_id`, `product_id`, `total`, `total_price`, `created_at`, `updated_at`) VALUES ('187', '87', '7', '1', '205899575', '1982-05-10 19:01:27', '2016-01-11 08:37:11');
INSERT INTO `orders_products` (`id`, `order_id`, `product_id`, `total`, `total_price`, `created_at`, `updated_at`) VALUES ('188', '88', '8', '1', '357046', '1984-05-29 07:30:58', '2015-12-22 10:29:00');
INSERT INTO `orders_products` (`id`, `order_id`, `product_id`, `total`, `total_price`, `created_at`, `updated_at`) VALUES ('189', '89', '9', '1', '15', '2003-08-06 02:44:40', '1980-11-05 16:27:29');
INSERT INTO `orders_products` (`id`, `order_id`, `product_id`, `total`, `total_price`, `created_at`, `updated_at`) VALUES ('190', '90', '10', '1', '432', '2006-03-11 17:11:35', '2005-08-27 14:05:23');
INSERT INTO `orders_products` (`id`, `order_id`, `product_id`, `total`, `total_price`, `created_at`, `updated_at`) VALUES ('191', '91', '11', '1', '0', '2003-12-23 21:45:13', '2001-04-06 10:08:22');
INSERT INTO `orders_products` (`id`, `order_id`, `product_id`, `total`, `total_price`, `created_at`, `updated_at`) VALUES ('192', '92', '12', '1', '1', '1985-12-19 21:58:06', '2009-10-05 08:03:06');
INSERT INTO `orders_products` (`id`, `order_id`, `product_id`, `total`, `total_price`, `created_at`, `updated_at`) VALUES ('193', '93', '13', '1', '12', '2012-09-17 13:47:41', '2019-05-24 07:10:57');
INSERT INTO `orders_products` (`id`, `order_id`, `product_id`, `total`, `total_price`, `created_at`, `updated_at`) VALUES ('194', '94', '14', '1', '2', '1998-03-18 04:36:41', '1977-07-24 13:51:51');
INSERT INTO `orders_products` (`id`, `order_id`, `product_id`, `total`, `total_price`, `created_at`, `updated_at`) VALUES ('195', '95', '15', '1', '699014416', '2010-08-11 17:05:18', '1976-01-03 01:27:24');
INSERT INTO `orders_products` (`id`, `order_id`, `product_id`, `total`, `total_price`, `created_at`, `updated_at`) VALUES ('196', '96', '16', '1', '2945824', '2001-02-24 09:29:37', '2006-01-14 19:39:06');
INSERT INTO `orders_products` (`id`, `order_id`, `product_id`, `total`, `total_price`, `created_at`, `updated_at`) VALUES ('197', '97', '17', '1', '5902', '2020-05-10 01:53:44', '1976-01-03 11:58:23');
INSERT INTO `orders_products` (`id`, `order_id`, `product_id`, `total`, `total_price`, `created_at`, `updated_at`) VALUES ('198', '98', '18', '1', '543', '2019-04-13 06:24:37', '2015-11-18 02:44:11');
INSERT INTO `orders_products` (`id`, `order_id`, `product_id`, `total`, `total_price`, `created_at`, `updated_at`) VALUES ('199', '99', '19', '1', '59855', '1996-12-01 17:43:02', '2011-05-05 13:56:17');
INSERT INTO `orders_products` (`id`, `order_id`, `product_id`, `total`, `total_price`, `created_at`, `updated_at`) VALUES ('200', '100', '20', '1', '52072529', '2012-07-20 15:53:57', '2011-11-22 04:49:03');


INSERT INTO `discounts` (`id`, `user_id`, `product_id`, `discount`, `started_at`, `finished_at`, `created_at`, `updated_at`) VALUES ('1', '1', '1', '0', '1985-12-21 09:40:02', '1990-01-15 13:08:22', '2008-10-11 02:08:40', '1987-12-03 04:57:45');
INSERT INTO `discounts` (`id`, `user_id`, `product_id`, `discount`, `started_at`, `finished_at`, `created_at`, `updated_at`) VALUES ('2', '2', '2', '4043260', '2010-11-11 01:28:28', '1984-09-30 01:25:14', '2001-07-02 03:58:27', '2006-11-28 23:16:06');
INSERT INTO `discounts` (`id`, `user_id`, `product_id`, `discount`, `started_at`, `finished_at`, `created_at`, `updated_at`) VALUES ('3', '3', '3', '17360200', '2020-01-05 10:30:20', '1992-11-04 03:04:38', '1977-02-01 18:43:01', '1980-11-22 23:33:40');
INSERT INTO `discounts` (`id`, `user_id`, `product_id`, `discount`, `started_at`, `finished_at`, `created_at`, `updated_at`) VALUES ('4', '4', '4', '370930', '1983-03-30 18:49:03', '1993-11-21 14:32:05', '2016-06-11 07:14:05', '2009-10-01 20:35:04');
INSERT INTO `discounts` (`id`, `user_id`, `product_id`, `discount`, `started_at`, `finished_at`, `created_at`, `updated_at`) VALUES ('5', '5', '5', '56', '2015-08-21 05:38:34', '1985-09-09 09:26:04', '1978-05-22 08:53:11', '2004-09-05 18:26:53');
INSERT INTO `discounts` (`id`, `user_id`, `product_id`, `discount`, `started_at`, `finished_at`, `created_at`, `updated_at`) VALUES ('6', '6', '6', '71301', '1992-03-27 22:44:14', '1986-07-06 09:20:46', '2019-11-19 22:16:32', '2013-11-30 04:42:59');
INSERT INTO `discounts` (`id`, `user_id`, `product_id`, `discount`, `started_at`, `finished_at`, `created_at`, `updated_at`) VALUES ('7', '7', '7', '272321000', '1989-04-30 10:41:31', '1973-06-20 03:17:32', '1988-10-15 04:08:08', '1983-07-18 14:09:24');
INSERT INTO `discounts` (`id`, `user_id`, `product_id`, `discount`, `started_at`, `finished_at`, `created_at`, `updated_at`) VALUES ('8', '8', '8', '4948', '1998-08-20 17:32:05', '2013-12-13 18:38:15', '2012-08-12 23:48:26', '2006-10-01 14:03:55');
INSERT INTO `discounts` (`id`, `user_id`, `product_id`, `discount`, `started_at`, `finished_at`, `created_at`, `updated_at`) VALUES ('9', '9', '9', '786992', '2020-06-18 07:10:15', '1970-04-10 07:15:52', '2012-04-05 11:05:27', '1982-08-27 08:21:29');
INSERT INTO `discounts` (`id`, `user_id`, `product_id`, `discount`, `started_at`, `finished_at`, `created_at`, `updated_at`) VALUES ('10', '10', '10', '4560330', '1992-10-07 12:30:20', '1980-10-04 06:47:04', '2018-01-17 01:05:38', '1980-09-22 17:00:46');
INSERT INTO `discounts` (`id`, `user_id`, `product_id`, `discount`, `started_at`, `finished_at`, `created_at`, `updated_at`) VALUES ('11', '11', '11', '7646', '1971-11-23 21:00:07', '1988-06-01 19:48:21', '1984-03-25 05:19:35', '1985-10-10 15:24:01');
INSERT INTO `discounts` (`id`, `user_id`, `product_id`, `discount`, `started_at`, `finished_at`, `created_at`, `updated_at`) VALUES ('12', '12', '12', '0', '2019-09-18 09:04:30', '1993-05-26 23:38:23', '2016-04-10 06:35:07', '1979-07-19 21:00:08');
INSERT INTO `discounts` (`id`, `user_id`, `product_id`, `discount`, `started_at`, `finished_at`, `created_at`, `updated_at`) VALUES ('13', '13', '13', '90175', '1981-05-27 10:54:01', '1999-10-16 04:03:51', '1972-10-02 12:26:16', '2012-06-19 14:43:09');
INSERT INTO `discounts` (`id`, `user_id`, `product_id`, `discount`, `started_at`, `finished_at`, `created_at`, `updated_at`) VALUES ('14', '14', '14', '815', '1997-11-17 15:49:34', '2020-07-02 01:17:16', '1970-05-07 03:39:13', '2019-08-09 14:03:06');
INSERT INTO `discounts` (`id`, `user_id`, `product_id`, `discount`, `started_at`, `finished_at`, `created_at`, `updated_at`) VALUES ('15', '15', '15', '4854280', '1985-03-30 09:31:05', '2016-11-11 21:04:23', '2005-06-08 04:53:13', '2014-08-29 08:40:39');
INSERT INTO `discounts` (`id`, `user_id`, `product_id`, `discount`, `started_at`, `finished_at`, `created_at`, `updated_at`) VALUES ('16', '16', '16', '4554', '1994-07-02 06:08:23', '1975-09-17 15:48:25', '1983-06-15 11:40:23', '1981-11-09 07:40:55');
INSERT INTO `discounts` (`id`, `user_id`, `product_id`, `discount`, `started_at`, `finished_at`, `created_at`, `updated_at`) VALUES ('17', '17', '17', '166985', '1970-07-13 21:33:08', '2006-09-13 21:03:11', '1970-03-12 01:29:47', '2017-11-26 16:56:00');
INSERT INTO `discounts` (`id`, `user_id`, `product_id`, `discount`, `started_at`, `finished_at`, `created_at`, `updated_at`) VALUES ('18', '18', '18', '37233', '1979-11-24 19:54:44', '1994-08-04 17:20:09', '1993-05-17 15:28:17', '1971-03-08 07:05:17');
INSERT INTO `discounts` (`id`, `user_id`, `product_id`, `discount`, `started_at`, `finished_at`, `created_at`, `updated_at`) VALUES ('19', '19', '19', '4150610', '2020-12-28 05:57:33', '1992-03-15 16:19:28', '2012-07-17 12:57:58', '2013-03-11 01:38:29');
INSERT INTO `discounts` (`id`, `user_id`, `product_id`, `discount`, `started_at`, `finished_at`, `created_at`, `updated_at`) VALUES ('20', '20', '20', '5', '1970-03-10 01:06:06', '2008-05-18 17:50:00', '2018-10-22 16:28:29', '2010-04-16 23:14:19');
INSERT INTO `discounts` (`id`, `user_id`, `product_id`, `discount`, `started_at`, `finished_at`, `created_at`, `updated_at`) VALUES ('21', '21', '21', '0', '1973-03-12 21:49:21', '1994-06-07 16:58:47', '2014-01-01 15:01:59', '1973-07-14 22:21:53');
INSERT INTO `discounts` (`id`, `user_id`, `product_id`, `discount`, `started_at`, `finished_at`, `created_at`, `updated_at`) VALUES ('22', '22', '22', '987', '2000-11-29 02:09:06', '1992-09-18 03:21:20', '2016-04-05 18:13:14', '1998-01-23 01:26:32');
INSERT INTO `discounts` (`id`, `user_id`, `product_id`, `discount`, `started_at`, `finished_at`, `created_at`, `updated_at`) VALUES ('23', '23', '23', '6876090', '1987-08-20 09:09:35', '1998-11-06 18:59:12', '1974-11-18 07:25:22', '2015-10-08 01:48:47');
INSERT INTO `discounts` (`id`, `user_id`, `product_id`, `discount`, `started_at`, `finished_at`, `created_at`, `updated_at`) VALUES ('24', '24', '24', '8', '1980-02-26 20:54:24', '2011-05-24 06:06:40', '2009-08-16 15:25:56', '2021-04-05 15:13:06');
INSERT INTO `discounts` (`id`, `user_id`, `product_id`, `discount`, `started_at`, `finished_at`, `created_at`, `updated_at`) VALUES ('25', '25', '25', '50209800', '1994-04-22 02:55:12', '2012-08-30 21:16:54', '1982-04-28 17:22:56', '1995-01-18 02:42:39');
INSERT INTO `discounts` (`id`, `user_id`, `product_id`, `discount`, `started_at`, `finished_at`, `created_at`, `updated_at`) VALUES ('26', '26', '26', '401', '2008-09-22 13:07:26', '1999-01-10 15:36:41', '2001-07-12 20:01:35', '2020-10-27 16:44:03');
INSERT INTO `discounts` (`id`, `user_id`, `product_id`, `discount`, `started_at`, `finished_at`, `created_at`, `updated_at`) VALUES ('27', '27', '27', '851', '1973-10-25 05:52:40', '2021-09-18 08:09:00', '2020-09-01 03:27:26', '1986-08-01 13:51:17');
INSERT INTO `discounts` (`id`, `user_id`, `product_id`, `discount`, `started_at`, `finished_at`, `created_at`, `updated_at`) VALUES ('28', '28', '28', '20426400', '2020-03-28 06:02:26', '1973-01-20 16:16:29', '2007-06-20 15:19:24', '1984-07-12 18:43:25');
INSERT INTO `discounts` (`id`, `user_id`, `product_id`, `discount`, `started_at`, `finished_at`, `created_at`, `updated_at`) VALUES ('29', '29', '29', '1', '2008-09-10 07:05:13', '1988-03-10 19:42:42', '1984-09-15 02:59:08', '1986-12-22 17:42:58');
INSERT INTO `discounts` (`id`, `user_id`, `product_id`, `discount`, `started_at`, `finished_at`, `created_at`, `updated_at`) VALUES ('30', '30', '30', '29392300', '1979-12-03 04:26:10', '2000-02-24 15:38:26', '1986-07-26 04:11:00', '2021-07-13 02:06:22');
INSERT INTO `discounts` (`id`, `user_id`, `product_id`, `discount`, `started_at`, `finished_at`, `created_at`, `updated_at`) VALUES ('31', '31', '1', '636479000', '1986-01-19 06:26:45', '2008-11-30 16:50:18', '1985-03-04 10:00:52', '1970-12-20 16:21:46');
INSERT INTO `discounts` (`id`, `user_id`, `product_id`, `discount`, `started_at`, `finished_at`, `created_at`, `updated_at`) VALUES ('32', '32', '2', '23', '1977-03-14 08:35:08', '1986-10-19 08:00:11', '2007-08-17 06:11:41', '1975-11-21 19:45:15');
INSERT INTO `discounts` (`id`, `user_id`, `product_id`, `discount`, `started_at`, `finished_at`, `created_at`, `updated_at`) VALUES ('33', '33', '3', '161', '1996-04-22 10:22:06', '1970-09-20 22:33:29', '1973-03-03 21:29:31', '2015-07-29 22:26:10');
INSERT INTO `discounts` (`id`, `user_id`, `product_id`, `discount`, `started_at`, `finished_at`, `created_at`, `updated_at`) VALUES ('34', '34', '4', '7957520', '2020-11-12 09:07:50', '2002-03-24 09:45:17', '2007-05-02 23:45:54', '1977-06-18 10:59:16');
INSERT INTO `discounts` (`id`, `user_id`, `product_id`, `discount`, `started_at`, `finished_at`, `created_at`, `updated_at`) VALUES ('35', '35', '5', '1', '1971-10-16 15:04:44', '2019-03-04 01:01:47', '1982-01-20 18:38:49', '1987-12-19 19:58:46');
INSERT INTO `discounts` (`id`, `user_id`, `product_id`, `discount`, `started_at`, `finished_at`, `created_at`, `updated_at`) VALUES ('36', '36', '6', '59101', '2018-05-08 11:35:38', '2008-12-29 20:40:41', '2018-08-27 17:41:33', '1978-05-24 06:04:19');
INSERT INTO `discounts` (`id`, `user_id`, `product_id`, `discount`, `started_at`, `finished_at`, `created_at`, `updated_at`) VALUES ('37', '37', '7', '8', '1970-03-05 09:12:22', '1976-08-15 08:46:11', '1976-10-27 07:04:57', '1971-11-17 18:51:00');
INSERT INTO `discounts` (`id`, `user_id`, `product_id`, `discount`, `started_at`, `finished_at`, `created_at`, `updated_at`) VALUES ('38', '38', '8', '8583', '1975-12-28 09:41:08', '1983-05-05 20:33:08', '1979-04-29 03:50:51', '1977-08-01 17:45:05');
INSERT INTO `discounts` (`id`, `user_id`, `product_id`, `discount`, `started_at`, `finished_at`, `created_at`, `updated_at`) VALUES ('39', '39', '9', '0', '2017-01-19 06:44:43', '2007-10-06 02:49:15', '2019-07-03 22:21:21', '1986-06-14 05:54:08');
INSERT INTO `discounts` (`id`, `user_id`, `product_id`, `discount`, `started_at`, `finished_at`, `created_at`, `updated_at`) VALUES ('40', '40', '10', '66109700', '2003-04-12 07:14:24', '2011-08-24 06:01:19', '1995-06-03 06:26:41', '1990-07-28 00:03:01');
INSERT INTO `discounts` (`id`, `user_id`, `product_id`, `discount`, `started_at`, `finished_at`, `created_at`, `updated_at`) VALUES ('41', '41', '11', '0', '1987-02-05 02:58:01', '1994-05-29 03:45:39', '1979-11-08 08:30:46', '1971-09-05 09:47:35');
INSERT INTO `discounts` (`id`, `user_id`, `product_id`, `discount`, `started_at`, `finished_at`, `created_at`, `updated_at`) VALUES ('42', '42', '12', '830669000', '1998-12-25 06:53:22', '2016-06-23 19:36:18', '2005-04-15 05:03:26', '2018-06-27 19:55:39');
INSERT INTO `discounts` (`id`, `user_id`, `product_id`, `discount`, `started_at`, `finished_at`, `created_at`, `updated_at`) VALUES ('43', '43', '13', '45441300', '1970-06-13 19:02:26', '1987-08-13 08:06:46', '2019-11-07 23:09:10', '2004-03-03 11:31:31');
INSERT INTO `discounts` (`id`, `user_id`, `product_id`, `discount`, `started_at`, `finished_at`, `created_at`, `updated_at`) VALUES ('44', '44', '14', '1', '1982-08-22 23:52:53', '1997-12-14 18:42:53', '1984-09-28 19:54:39', '1977-04-01 11:18:05');
INSERT INTO `discounts` (`id`, `user_id`, `product_id`, `discount`, `started_at`, `finished_at`, `created_at`, `updated_at`) VALUES ('45', '45', '15', '81590000', '1982-07-21 22:38:08', '1971-07-02 18:06:44', '1992-01-22 20:53:43', '2000-03-04 06:56:46');
INSERT INTO `discounts` (`id`, `user_id`, `product_id`, `discount`, `started_at`, `finished_at`, `created_at`, `updated_at`) VALUES ('46', '46', '16', '328', '1972-07-15 04:44:38', '1999-08-19 07:08:27', '2012-06-17 04:34:49', '1977-11-01 05:14:28');
INSERT INTO `discounts` (`id`, `user_id`, `product_id`, `discount`, `started_at`, `finished_at`, `created_at`, `updated_at`) VALUES ('47', '47', '17', '0', '2011-04-07 12:03:00', '1983-04-19 14:00:51', '2000-08-21 16:59:37', '2013-03-06 18:13:04');
INSERT INTO `discounts` (`id`, `user_id`, `product_id`, `discount`, `started_at`, `finished_at`, `created_at`, `updated_at`) VALUES ('48', '48', '18', '5', '1971-04-11 04:15:07', '1981-06-10 00:11:14', '1998-07-19 23:23:04', '1970-06-02 19:42:34');
INSERT INTO `discounts` (`id`, `user_id`, `product_id`, `discount`, `started_at`, `finished_at`, `created_at`, `updated_at`) VALUES ('49', '49', '19', '6', '2018-01-24 04:54:58', '2009-04-16 10:11:59', '1987-02-06 17:29:14', '2019-01-03 06:32:59');
INSERT INTO `discounts` (`id`, `user_id`, `product_id`, `discount`, `started_at`, `finished_at`, `created_at`, `updated_at`) VALUES ('50', '50', '20', '7', '1995-02-13 20:43:21', '2020-08-25 22:21:57', '1985-06-07 16:49:38', '1970-10-11 16:31:46');
INSERT INTO `discounts` (`id`, `user_id`, `product_id`, `discount`, `started_at`, `finished_at`, `created_at`, `updated_at`) VALUES ('51', '1', '21', '13580900', '1976-12-13 19:39:10', '2011-04-05 10:04:02', '1971-11-16 17:42:30', '1985-06-11 10:54:33');
INSERT INTO `discounts` (`id`, `user_id`, `product_id`, `discount`, `started_at`, `finished_at`, `created_at`, `updated_at`) VALUES ('52', '2', '22', '67', '1999-06-09 19:52:39', '2001-02-26 01:38:18', '2009-12-14 21:19:45', '1978-02-26 06:58:46');
INSERT INTO `discounts` (`id`, `user_id`, `product_id`, `discount`, `started_at`, `finished_at`, `created_at`, `updated_at`) VALUES ('53', '3', '23', '8', '1981-02-18 02:00:27', '1978-11-24 21:12:50', '2020-04-28 01:07:46', '2008-04-27 16:03:16');
INSERT INTO `discounts` (`id`, `user_id`, `product_id`, `discount`, `started_at`, `finished_at`, `created_at`, `updated_at`) VALUES ('54', '4', '24', '89126', '1998-12-28 06:58:46', '2007-04-28 23:49:08', '1995-10-19 03:31:35', '2013-03-21 10:39:33');
INSERT INTO `discounts` (`id`, `user_id`, `product_id`, `discount`, `started_at`, `finished_at`, `created_at`, `updated_at`) VALUES ('55', '5', '25', '3821', '1988-11-25 11:31:55', '1996-01-16 21:02:29', '1996-10-17 20:33:12', '1981-12-14 01:15:23');
INSERT INTO `discounts` (`id`, `user_id`, `product_id`, `discount`, `started_at`, `finished_at`, `created_at`, `updated_at`) VALUES ('56', '6', '26', '745788000', '2007-08-07 10:43:42', '2004-07-07 00:18:16', '1987-12-20 01:08:58', '1998-06-16 06:09:09');
INSERT INTO `discounts` (`id`, `user_id`, `product_id`, `discount`, `started_at`, `finished_at`, `created_at`, `updated_at`) VALUES ('57', '7', '27', '0', '1970-11-22 20:53:01', '2011-06-17 03:07:06', '1981-06-09 05:48:31', '2013-06-12 07:08:46');
INSERT INTO `discounts` (`id`, `user_id`, `product_id`, `discount`, `started_at`, `finished_at`, `created_at`, `updated_at`) VALUES ('58', '8', '28', '155339000', '1977-08-13 04:12:09', '1971-11-22 13:10:02', '1989-06-27 22:44:19', '2018-10-31 18:19:20');
INSERT INTO `discounts` (`id`, `user_id`, `product_id`, `discount`, `started_at`, `finished_at`, `created_at`, `updated_at`) VALUES ('59', '9', '29', '481', '2001-02-04 06:02:22', '1991-05-23 17:19:34', '1992-08-16 06:51:36', '1990-01-11 05:14:43');
INSERT INTO `discounts` (`id`, `user_id`, `product_id`, `discount`, `started_at`, `finished_at`, `created_at`, `updated_at`) VALUES ('60', '10', '30', '90112', '1995-08-21 17:02:38', '1985-06-12 16:45:00', '1993-02-09 06:32:44', '1984-08-03 12:43:00');
INSERT INTO `discounts` (`id`, `user_id`, `product_id`, `discount`, `started_at`, `finished_at`, `created_at`, `updated_at`) VALUES ('61', '11', '1', '92389', '1990-07-20 06:55:46', '2004-02-09 01:54:38', '2021-03-31 14:55:30', '1971-09-27 17:07:11');
INSERT INTO `discounts` (`id`, `user_id`, `product_id`, `discount`, `started_at`, `finished_at`, `created_at`, `updated_at`) VALUES ('62', '12', '2', '3219330', '2011-02-19 19:14:07', '2015-08-19 20:59:36', '1979-04-03 22:42:11', '2005-11-03 21:38:01');
INSERT INTO `discounts` (`id`, `user_id`, `product_id`, `discount`, `started_at`, `finished_at`, `created_at`, `updated_at`) VALUES ('63', '13', '3', '0', '1987-02-28 12:47:39', '1979-06-01 16:56:32', '2005-10-20 19:44:43', '1986-03-14 00:15:29');
INSERT INTO `discounts` (`id`, `user_id`, `product_id`, `discount`, `started_at`, `finished_at`, `created_at`, `updated_at`) VALUES ('64', '14', '4', '1', '1995-12-22 03:07:49', '1975-10-30 02:38:03', '1991-06-10 23:32:54', '1993-06-12 23:32:30');
INSERT INTO `discounts` (`id`, `user_id`, `product_id`, `discount`, `started_at`, `finished_at`, `created_at`, `updated_at`) VALUES ('65', '15', '5', '96', '1992-05-31 05:01:24', '1984-02-13 22:51:52', '1997-02-18 21:27:52', '2011-07-03 18:58:41');
INSERT INTO `discounts` (`id`, `user_id`, `product_id`, `discount`, `started_at`, `finished_at`, `created_at`, `updated_at`) VALUES ('66', '16', '6', '506911000', '1992-01-19 12:27:56', '1992-12-20 20:18:19', '2019-08-18 14:46:49', '1988-02-16 09:58:28');
INSERT INTO `discounts` (`id`, `user_id`, `product_id`, `discount`, `started_at`, `finished_at`, `created_at`, `updated_at`) VALUES ('67', '17', '7', '580425000', '1984-04-08 17:44:46', '1989-06-04 21:05:28', '1971-09-14 20:30:21', '2009-08-22 17:12:28');
INSERT INTO `discounts` (`id`, `user_id`, `product_id`, `discount`, `started_at`, `finished_at`, `created_at`, `updated_at`) VALUES ('68', '18', '8', '26905000', '2003-09-22 05:22:38', '1992-10-01 08:53:29', '1989-12-05 01:12:45', '1993-02-21 13:04:26');
INSERT INTO `discounts` (`id`, `user_id`, `product_id`, `discount`, `started_at`, `finished_at`, `created_at`, `updated_at`) VALUES ('69', '19', '9', '93', '1975-01-18 05:58:44', '2016-12-14 22:34:13', '1971-08-16 23:11:03', '2018-06-15 22:03:45');
INSERT INTO `discounts` (`id`, `user_id`, `product_id`, `discount`, `started_at`, `finished_at`, `created_at`, `updated_at`) VALUES ('70', '20', '10', '8815', '1996-05-20 12:45:14', '1990-11-03 16:50:16', '1984-08-20 19:13:22', '1991-03-31 05:48:40');


INSERT INTO `storehouses` (`id`, `name`, `created_at`, `updated_at`) VALUES ('1', 'sint', '1982-01-02 08:18:40', '1999-07-07 20:29:04');
INSERT INTO `storehouses` (`id`, `name`, `created_at`, `updated_at`) VALUES ('2', 'totam', '1984-01-26 15:57:15', '1996-07-11 05:18:19');
INSERT INTO `storehouses` (`id`, `name`, `created_at`, `updated_at`) VALUES ('3', 'voluptatem', '2013-10-16 01:34:16', '2018-08-05 08:59:25');


INSERT INTO `storehouses_products` (`id`, `storehouses_id`, `product_id`, `value`, `created_at`, `updated_at`) VALUES ('1', '1', '1', NULL, '2008-05-10 02:44:14', '1970-01-02 15:23:55');
INSERT INTO `storehouses_products` (`id`, `storehouses_id`, `product_id`, `value`, `created_at`, `updated_at`) VALUES ('2', '2', '2', NULL, '2006-06-15 12:13:55', '1984-12-24 03:05:54');
INSERT INTO `storehouses_products` (`id`, `storehouses_id`, `product_id`, `value`, `created_at`, `updated_at`) VALUES ('3', '3', '3', NULL, '1995-09-01 06:40:15', '1997-06-28 02:54:19');
INSERT INTO `storehouses_products` (`id`, `storehouses_id`, `product_id`, `value`, `created_at`, `updated_at`) VALUES ('4', '1', '4', NULL, '2002-03-26 19:15:36', '1995-11-26 11:22:10');
INSERT INTO `storehouses_products` (`id`, `storehouses_id`, `product_id`, `value`, `created_at`, `updated_at`) VALUES ('5', '2', '5', NULL, '1997-08-07 13:33:01', '2021-11-16 22:47:47');
INSERT INTO `storehouses_products` (`id`, `storehouses_id`, `product_id`, `value`, `created_at`, `updated_at`) VALUES ('6', '3', '6', NULL, '2011-08-28 02:40:49', '2004-06-12 19:30:43');
INSERT INTO `storehouses_products` (`id`, `storehouses_id`, `product_id`, `value`, `created_at`, `updated_at`) VALUES ('7', '1', '7', NULL, '1993-04-22 10:54:23', '2017-08-14 17:42:06');
INSERT INTO `storehouses_products` (`id`, `storehouses_id`, `product_id`, `value`, `created_at`, `updated_at`) VALUES ('8', '2', '8', NULL, '2007-02-28 10:33:34', '1992-02-27 23:52:39');
INSERT INTO `storehouses_products` (`id`, `storehouses_id`, `product_id`, `value`, `created_at`, `updated_at`) VALUES ('9', '3', '9', NULL, '2002-05-02 17:43:11', '1988-08-12 17:08:19');
INSERT INTO `storehouses_products` (`id`, `storehouses_id`, `product_id`, `value`, `created_at`, `updated_at`) VALUES ('10', '1', '10', NULL, '1990-12-29 15:48:50', '1987-05-16 12:51:13');
INSERT INTO `storehouses_products` (`id`, `storehouses_id`, `product_id`, `value`, `created_at`, `updated_at`) VALUES ('11', '2', '11', NULL, '1978-01-24 00:39:23', '2014-10-13 04:09:27');
INSERT INTO `storehouses_products` (`id`, `storehouses_id`, `product_id`, `value`, `created_at`, `updated_at`) VALUES ('12', '3', '12', NULL, '2010-02-03 22:46:53', '2000-03-15 13:11:23');
INSERT INTO `storehouses_products` (`id`, `storehouses_id`, `product_id`, `value`, `created_at`, `updated_at`) VALUES ('13', '1', '13', NULL, '2017-03-28 08:21:14', '1999-12-30 13:13:26');
INSERT INTO `storehouses_products` (`id`, `storehouses_id`, `product_id`, `value`, `created_at`, `updated_at`) VALUES ('14', '2', '14', NULL, '2011-04-18 19:23:54', '2015-03-22 00:56:26');
INSERT INTO `storehouses_products` (`id`, `storehouses_id`, `product_id`, `value`, `created_at`, `updated_at`) VALUES ('15', '3', '15', NULL, '1985-10-10 00:30:41', '1975-09-01 17:16:18');
INSERT INTO `storehouses_products` (`id`, `storehouses_id`, `product_id`, `value`, `created_at`, `updated_at`) VALUES ('16', '1', '16', NULL, '2007-03-12 01:31:54', '2009-05-17 19:46:20');
INSERT INTO `storehouses_products` (`id`, `storehouses_id`, `product_id`, `value`, `created_at`, `updated_at`) VALUES ('17', '2', '17', NULL, '1977-05-11 14:35:31', '2006-06-09 16:17:48');
INSERT INTO `storehouses_products` (`id`, `storehouses_id`, `product_id`, `value`, `created_at`, `updated_at`) VALUES ('18', '3', '18', NULL, '2018-11-26 00:31:04', '1997-07-15 21:16:40');
INSERT INTO `storehouses_products` (`id`, `storehouses_id`, `product_id`, `value`, `created_at`, `updated_at`) VALUES ('19', '1', '19', NULL, '1981-09-19 15:59:27', '1989-01-10 09:01:49');
INSERT INTO `storehouses_products` (`id`, `storehouses_id`, `product_id`, `value`, `created_at`, `updated_at`) VALUES ('20', '2', '20', NULL, '1986-02-23 21:13:22', '1974-12-12 03:46:04');
INSERT INTO `storehouses_products` (`id`, `storehouses_id`, `product_id`, `value`, `created_at`, `updated_at`) VALUES ('21', '3', '21', NULL, '1984-07-06 19:48:04', '1981-06-01 13:05:57');
INSERT INTO `storehouses_products` (`id`, `storehouses_id`, `product_id`, `value`, `created_at`, `updated_at`) VALUES ('22', '1', '22', NULL, '1971-07-19 19:49:32', '1989-10-23 08:57:25');
INSERT INTO `storehouses_products` (`id`, `storehouses_id`, `product_id`, `value`, `created_at`, `updated_at`) VALUES ('23', '2', '23', NULL, '1970-11-28 00:39:28', '1988-11-03 18:56:36');
INSERT INTO `storehouses_products` (`id`, `storehouses_id`, `product_id`, `value`, `created_at`, `updated_at`) VALUES ('24', '3', '24', NULL, '1992-11-23 14:48:59', '1982-05-21 07:22:38');
INSERT INTO `storehouses_products` (`id`, `storehouses_id`, `product_id`, `value`, `created_at`, `updated_at`) VALUES ('25', '1', '25', NULL, '1973-02-11 07:40:10', '1973-08-01 04:29:27');
INSERT INTO `storehouses_products` (`id`, `storehouses_id`, `product_id`, `value`, `created_at`, `updated_at`) VALUES ('26', '2', '26', NULL, '1980-06-07 06:25:06', '2003-05-25 19:09:27');
INSERT INTO `storehouses_products` (`id`, `storehouses_id`, `product_id`, `value`, `created_at`, `updated_at`) VALUES ('27', '3', '27', NULL, '2006-06-16 22:26:55', '1981-06-02 02:38:36');
INSERT INTO `storehouses_products` (`id`, `storehouses_id`, `product_id`, `value`, `created_at`, `updated_at`) VALUES ('28', '1', '28', NULL, '1993-05-26 15:39:59', '2009-08-28 07:02:59');
INSERT INTO `storehouses_products` (`id`, `storehouses_id`, `product_id`, `value`, `created_at`, `updated_at`) VALUES ('29', '2', '29', NULL, '1983-05-30 18:18:58', '1996-01-25 17:20:19');
INSERT INTO `storehouses_products` (`id`, `storehouses_id`, `product_id`, `value`, `created_at`, `updated_at`) VALUES ('30', '3', '30', NULL, '1972-04-09 11:57:51', '2008-03-27 20:02:07');
INSERT INTO `storehouses_products` (`id`, `storehouses_id`, `product_id`, `value`, `created_at`, `updated_at`) VALUES ('31', '1', '1', NULL, '2011-03-16 12:28:46', '2020-04-25 13:56:47');
INSERT INTO `storehouses_products` (`id`, `storehouses_id`, `product_id`, `value`, `created_at`, `updated_at`) VALUES ('32', '2', '2', NULL, '1970-05-22 05:41:33', '2003-12-05 03:15:49');
INSERT INTO `storehouses_products` (`id`, `storehouses_id`, `product_id`, `value`, `created_at`, `updated_at`) VALUES ('33', '3', '3', NULL, '1991-12-21 05:26:05', '1995-10-25 03:15:15');
INSERT INTO `storehouses_products` (`id`, `storehouses_id`, `product_id`, `value`, `created_at`, `updated_at`) VALUES ('34', '1', '4', NULL, '1978-12-15 07:51:45', '1982-03-25 02:54:56');
INSERT INTO `storehouses_products` (`id`, `storehouses_id`, `product_id`, `value`, `created_at`, `updated_at`) VALUES ('35', '2', '5', NULL, '2010-08-02 22:09:25', '2014-02-12 06:27:16');
INSERT INTO `storehouses_products` (`id`, `storehouses_id`, `product_id`, `value`, `created_at`, `updated_at`) VALUES ('36', '3', '6', NULL, '2021-06-19 12:17:18', '1990-10-28 09:45:07');
INSERT INTO `storehouses_products` (`id`, `storehouses_id`, `product_id`, `value`, `created_at`, `updated_at`) VALUES ('37', '1', '7', NULL, '2001-09-27 22:56:17', '1978-09-06 22:53:30');
INSERT INTO `storehouses_products` (`id`, `storehouses_id`, `product_id`, `value`, `created_at`, `updated_at`) VALUES ('38', '2', '8', NULL, '2005-02-12 09:11:59', '1988-09-21 17:19:46');
INSERT INTO `storehouses_products` (`id`, `storehouses_id`, `product_id`, `value`, `created_at`, `updated_at`) VALUES ('39', '3', '9', NULL, '1989-08-12 14:18:14', '2000-07-05 06:26:31');
INSERT INTO `storehouses_products` (`id`, `storehouses_id`, `product_id`, `value`, `created_at`, `updated_at`) VALUES ('40', '1', '10', NULL, '2013-09-30 15:25:59', '2019-07-08 00:59:04');
INSERT INTO `storehouses_products` (`id`, `storehouses_id`, `product_id`, `value`, `created_at`, `updated_at`) VALUES ('41', '2', '11', NULL, '1979-08-08 01:03:01', '1991-12-14 15:00:09');
INSERT INTO `storehouses_products` (`id`, `storehouses_id`, `product_id`, `value`, `created_at`, `updated_at`) VALUES ('42', '3', '12', NULL, '2002-05-30 07:18:22', '1979-10-14 09:10:03');
INSERT INTO `storehouses_products` (`id`, `storehouses_id`, `product_id`, `value`, `created_at`, `updated_at`) VALUES ('43', '1', '13', NULL, '2003-04-14 02:00:40', '2010-07-02 10:36:39');
INSERT INTO `storehouses_products` (`id`, `storehouses_id`, `product_id`, `value`, `created_at`, `updated_at`) VALUES ('44', '2', '14', NULL, '2002-02-26 03:22:29', '1973-12-22 04:52:40');
INSERT INTO `storehouses_products` (`id`, `storehouses_id`, `product_id`, `value`, `created_at`, `updated_at`) VALUES ('45', '3', '15', NULL, '2015-06-04 18:27:54', '1988-05-20 00:52:48');
INSERT INTO `storehouses_products` (`id`, `storehouses_id`, `product_id`, `value`, `created_at`, `updated_at`) VALUES ('46', '1', '16', NULL, '2021-09-26 12:25:46', '1987-08-20 02:07:56');
INSERT INTO `storehouses_products` (`id`, `storehouses_id`, `product_id`, `value`, `created_at`, `updated_at`) VALUES ('47', '2', '17', NULL, '1970-05-17 01:24:29', '1970-01-05 09:06:58');
INSERT INTO `storehouses_products` (`id`, `storehouses_id`, `product_id`, `value`, `created_at`, `updated_at`) VALUES ('48', '3', '18', NULL, '1992-11-13 09:35:55', '1976-09-21 11:58:36');
INSERT INTO `storehouses_products` (`id`, `storehouses_id`, `product_id`, `value`, `created_at`, `updated_at`) VALUES ('49', '1', '19', NULL, '2002-03-02 03:06:27', '2011-10-16 17:25:29');
INSERT INTO `storehouses_products` (`id`, `storehouses_id`, `product_id`, `value`, `created_at`, `updated_at`) VALUES ('50', '2', '20', NULL, '1993-07-06 22:32:54', '2001-10-19 16:19:38');
INSERT INTO `storehouses_products` (`id`, `storehouses_id`, `product_id`, `value`, `created_at`, `updated_at`) VALUES ('51', '3', '21', NULL, '1972-04-22 10:14:51', '1996-09-20 01:54:22');
INSERT INTO `storehouses_products` (`id`, `storehouses_id`, `product_id`, `value`, `created_at`, `updated_at`) VALUES ('52', '1', '22', NULL, '1994-07-27 20:43:20', '1997-04-11 22:18:30');
INSERT INTO `storehouses_products` (`id`, `storehouses_id`, `product_id`, `value`, `created_at`, `updated_at`) VALUES ('53', '2', '23', NULL, '2008-08-04 05:42:42', '2016-10-16 23:03:47');
INSERT INTO `storehouses_products` (`id`, `storehouses_id`, `product_id`, `value`, `created_at`, `updated_at`) VALUES ('54', '3', '24', NULL, '1992-08-20 07:51:09', '2007-02-16 05:34:08');
INSERT INTO `storehouses_products` (`id`, `storehouses_id`, `product_id`, `value`, `created_at`, `updated_at`) VALUES ('55', '1', '25', NULL, '1996-06-06 14:23:06', '1977-08-10 07:05:38');
INSERT INTO `storehouses_products` (`id`, `storehouses_id`, `product_id`, `value`, `created_at`, `updated_at`) VALUES ('56', '2', '26', NULL, '1980-02-10 05:20:13', '1988-09-03 10:32:35');
INSERT INTO `storehouses_products` (`id`, `storehouses_id`, `product_id`, `value`, `created_at`, `updated_at`) VALUES ('57', '3', '27', NULL, '1976-01-02 10:07:20', '2021-01-08 09:22:59');
INSERT INTO `storehouses_products` (`id`, `storehouses_id`, `product_id`, `value`, `created_at`, `updated_at`) VALUES ('58', '1', '28', NULL, '1970-05-03 05:53:09', '1988-07-20 02:57:05');
INSERT INTO `storehouses_products` (`id`, `storehouses_id`, `product_id`, `value`, `created_at`, `updated_at`) VALUES ('59', '2', '29', NULL, '1981-02-24 17:27:54', '2009-12-25 06:46:26');
INSERT INTO `storehouses_products` (`id`, `storehouses_id`, `product_id`, `value`, `created_at`, `updated_at`) VALUES ('60', '3', '30', NULL, '2007-05-25 06:40:10', '1995-08-01 19:31:54');
INSERT INTO `storehouses_products` (`id`, `storehouses_id`, `product_id`, `value`, `created_at`, `updated_at`) VALUES ('61', '1', '1', NULL, '1981-11-04 11:25:43', '2007-05-02 20:19:08');
INSERT INTO `storehouses_products` (`id`, `storehouses_id`, `product_id`, `value`, `created_at`, `updated_at`) VALUES ('62', '2', '2', NULL, '1980-08-14 16:17:46', '1977-09-22 03:24:28');
INSERT INTO `storehouses_products` (`id`, `storehouses_id`, `product_id`, `value`, `created_at`, `updated_at`) VALUES ('63', '3', '3', NULL, '2007-12-28 04:43:12', '2007-01-03 04:33:09');
INSERT INTO `storehouses_products` (`id`, `storehouses_id`, `product_id`, `value`, `created_at`, `updated_at`) VALUES ('64', '1', '4', NULL, '1989-04-03 01:58:02', '2004-02-17 04:40:17');
INSERT INTO `storehouses_products` (`id`, `storehouses_id`, `product_id`, `value`, `created_at`, `updated_at`) VALUES ('65', '2', '5', NULL, '2000-03-08 05:11:38', '1990-07-08 18:21:13');
INSERT INTO `storehouses_products` (`id`, `storehouses_id`, `product_id`, `value`, `created_at`, `updated_at`) VALUES ('66', '3', '6', NULL, '1999-09-29 10:11:35', '2018-09-27 23:41:31');
INSERT INTO `storehouses_products` (`id`, `storehouses_id`, `product_id`, `value`, `created_at`, `updated_at`) VALUES ('67', '1', '7', NULL, '2007-06-20 04:01:11', '1992-10-04 04:31:48');
INSERT INTO `storehouses_products` (`id`, `storehouses_id`, `product_id`, `value`, `created_at`, `updated_at`) VALUES ('68', '2', '8', NULL, '1972-03-01 17:28:24', '1985-09-26 06:48:58');
INSERT INTO `storehouses_products` (`id`, `storehouses_id`, `product_id`, `value`, `created_at`, `updated_at`) VALUES ('69', '3', '9', NULL, '1976-07-06 20:23:28', '1995-08-27 19:57:10');
INSERT INTO `storehouses_products` (`id`, `storehouses_id`, `product_id`, `value`, `created_at`, `updated_at`) VALUES ('70', '1', '10', NULL, '1996-03-01 00:44:28', '2014-07-24 03:26:53');
INSERT INTO `storehouses_products` (`id`, `storehouses_id`, `product_id`, `value`, `created_at`, `updated_at`) VALUES ('71', '2', '11', NULL, '2017-04-29 23:07:58', '1981-07-17 09:30:24');
INSERT INTO `storehouses_products` (`id`, `storehouses_id`, `product_id`, `value`, `created_at`, `updated_at`) VALUES ('72', '3', '12', NULL, '1984-07-20 18:37:39', '1995-12-21 19:32:13');
INSERT INTO `storehouses_products` (`id`, `storehouses_id`, `product_id`, `value`, `created_at`, `updated_at`) VALUES ('73', '1', '13', NULL, '2002-10-23 11:24:43', '1993-11-19 20:54:58');
INSERT INTO `storehouses_products` (`id`, `storehouses_id`, `product_id`, `value`, `created_at`, `updated_at`) VALUES ('74', '2', '14', NULL, '1991-03-20 17:58:52', '1974-07-03 20:24:50');
INSERT INTO `storehouses_products` (`id`, `storehouses_id`, `product_id`, `value`, `created_at`, `updated_at`) VALUES ('75', '3', '15', NULL, '2001-02-02 17:47:58', '1996-01-07 21:53:26');
INSERT INTO `storehouses_products` (`id`, `storehouses_id`, `product_id`, `value`, `created_at`, `updated_at`) VALUES ('76', '1', '16', NULL, '1998-07-08 12:40:12', '1996-01-06 04:09:28');
INSERT INTO `storehouses_products` (`id`, `storehouses_id`, `product_id`, `value`, `created_at`, `updated_at`) VALUES ('77', '2', '17', NULL, '2002-08-20 02:20:15', '2005-03-25 03:05:02');
INSERT INTO `storehouses_products` (`id`, `storehouses_id`, `product_id`, `value`, `created_at`, `updated_at`) VALUES ('78', '3', '18', NULL, '1982-07-23 11:46:41', '1980-04-14 12:35:10');
INSERT INTO `storehouses_products` (`id`, `storehouses_id`, `product_id`, `value`, `created_at`, `updated_at`) VALUES ('79', '1', '19', NULL, '2005-02-06 21:24:32', '1970-01-27 19:02:49');
INSERT INTO `storehouses_products` (`id`, `storehouses_id`, `product_id`, `value`, `created_at`, `updated_at`) VALUES ('80', '2', '20', NULL, '1988-02-11 17:01:59', '2011-05-08 17:25:06');
INSERT INTO `storehouses_products` (`id`, `storehouses_id`, `product_id`, `value`, `created_at`, `updated_at`) VALUES ('81', '3', '21', NULL, '1985-11-15 14:17:28', '1997-01-18 13:47:54');
INSERT INTO `storehouses_products` (`id`, `storehouses_id`, `product_id`, `value`, `created_at`, `updated_at`) VALUES ('82', '1', '22', NULL, '2020-11-15 20:47:44', '2004-07-10 01:26:01');
INSERT INTO `storehouses_products` (`id`, `storehouses_id`, `product_id`, `value`, `created_at`, `updated_at`) VALUES ('83', '2', '23', NULL, '2013-02-28 15:38:00', '1972-12-21 16:49:29');
INSERT INTO `storehouses_products` (`id`, `storehouses_id`, `product_id`, `value`, `created_at`, `updated_at`) VALUES ('84', '3', '24', NULL, '2009-12-17 23:04:27', '1991-08-25 03:58:13');
INSERT INTO `storehouses_products` (`id`, `storehouses_id`, `product_id`, `value`, `created_at`, `updated_at`) VALUES ('85', '1', '25', NULL, '1998-01-25 16:59:22', '1989-04-09 04:04:45');
INSERT INTO `storehouses_products` (`id`, `storehouses_id`, `product_id`, `value`, `created_at`, `updated_at`) VALUES ('86', '2', '26', NULL, '1973-08-03 20:20:58', '1974-02-23 20:07:41');
INSERT INTO `storehouses_products` (`id`, `storehouses_id`, `product_id`, `value`, `created_at`, `updated_at`) VALUES ('87', '3', '27', NULL, '1978-07-16 15:16:59', '1985-08-16 09:33:04');
INSERT INTO `storehouses_products` (`id`, `storehouses_id`, `product_id`, `value`, `created_at`, `updated_at`) VALUES ('88', '1', '28', NULL, '2020-05-25 10:37:23', '2003-07-07 01:04:57');
INSERT INTO `storehouses_products` (`id`, `storehouses_id`, `product_id`, `value`, `created_at`, `updated_at`) VALUES ('89', '2', '29', NULL, '1989-04-06 16:34:15', '2013-08-16 21:27:43');
INSERT INTO `storehouses_products` (`id`, `storehouses_id`, `product_id`, `value`, `created_at`, `updated_at`) VALUES ('90', '3', '30', NULL, '2014-04-02 06:18:18', '1973-12-22 10:40:15');
INSERT INTO `storehouses_products` (`id`, `storehouses_id`, `product_id`, `value`, `created_at`, `updated_at`) VALUES ('91', '1', '1', NULL, '2007-04-04 04:07:45', '1970-10-24 17:28:05');
INSERT INTO `storehouses_products` (`id`, `storehouses_id`, `product_id`, `value`, `created_at`, `updated_at`) VALUES ('92', '2', '2', NULL, '1972-02-09 02:23:38', '1980-02-04 11:38:23');
INSERT INTO `storehouses_products` (`id`, `storehouses_id`, `product_id`, `value`, `created_at`, `updated_at`) VALUES ('93', '3', '3', NULL, '1994-01-16 20:38:11', '2005-07-25 11:12:05');
INSERT INTO `storehouses_products` (`id`, `storehouses_id`, `product_id`, `value`, `created_at`, `updated_at`) VALUES ('94', '1', '4', NULL, '2008-07-09 18:07:27', '1986-10-11 09:51:11');
INSERT INTO `storehouses_products` (`id`, `storehouses_id`, `product_id`, `value`, `created_at`, `updated_at`) VALUES ('95', '2', '5', NULL, '2013-12-09 17:55:40', '1975-10-13 10:56:55');
INSERT INTO `storehouses_products` (`id`, `storehouses_id`, `product_id`, `value`, `created_at`, `updated_at`) VALUES ('96', '3', '6', NULL, '2006-07-06 20:32:39', '2002-10-10 15:44:38');
INSERT INTO `storehouses_products` (`id`, `storehouses_id`, `product_id`, `value`, `created_at`, `updated_at`) VALUES ('97', '1', '7', NULL, '1980-10-26 13:35:22', '2015-01-23 08:21:41');
INSERT INTO `storehouses_products` (`id`, `storehouses_id`, `product_id`, `value`, `created_at`, `updated_at`) VALUES ('98', '2', '8', NULL, '2021-11-14 13:08:28', '1998-02-07 08:24:01');
INSERT INTO `storehouses_products` (`id`, `storehouses_id`, `product_id`, `value`, `created_at`, `updated_at`) VALUES ('99', '3', '9', NULL, '1997-03-22 03:19:02', '2011-08-01 18:10:48');
INSERT INTO `storehouses_products` (`id`, `storehouses_id`, `product_id`, `value`, `created_at`, `updated_at`) VALUES ('100', '1', '10', NULL, '1974-05-06 13:31:21', '1970-10-18 11:52:09');


INSERT INTO `media_types` (`id`, `name`, `created_at`, `updated_at`) VALUES ('1', 'Photo', '1978-09-05 01:09:18', '1990-10-25 14:05:01');
INSERT INTO `media_types` (`id`, `name`, `created_at`, `updated_at`) VALUES ('2', 'Video', '2020-01-27 16:03:04', '1996-12-01 08:36:38');
INSERT INTO `media_types` (`id`, `name`, `created_at`, `updated_at`) VALUES ('3', 'Text', '2003-02-16 02:49:12', '2008-11-15 17:27:39');
INSERT INTO `media_types` (`id`, `name`, `created_at`, `updated_at`) VALUES ('4', 'Audio', '2001-09-22 08:41:17', '1988-06-08 19:30:10');


INSERT INTO `media` (`id`, `media_type_id`, `catalog_id`, `body`, `filename`, `size`, `metadata`, `created_at`, `updated_at`) VALUES ('1', '1', '1', 'Asperiores vitae quibusdam quas aut ratione. Ducimus quod optio minus voluptate vitae aliquid a. Sapiente dignissimos omnis vel quia dolor quia. Itaque nesciunt quia aliquid tenetur voluptates id.', 'maxime', 0, NULL, '1984-09-08 16:11:03', '2007-04-12 03:29:39');
INSERT INTO `media` (`id`, `media_type_id`, `catalog_id`, `body`, `filename`, `size`, `metadata`, `created_at`, `updated_at`) VALUES ('2', '2', '2', 'Voluptas incidunt quas ab sit et. Reiciendis illo nesciunt laudantium vel. Commodi illo voluptatibus inventore.', 'repudiandae', 690211, NULL, '1991-12-27 00:47:12', '1979-07-22 17:06:00');
INSERT INTO `media` (`id`, `media_type_id`, `catalog_id`, `body`, `filename`, `size`, `metadata`, `created_at`, `updated_at`) VALUES ('3', '3', '3', 'Deserunt rerum molestiae deleniti non praesentium eum magni. Magnam et asperiores et numquam dolore. Rem officia quia in omnis reiciendis laborum quo.', 'itaque', 73, NULL, '1979-04-27 03:01:48', '1981-05-03 19:21:29');
INSERT INTO `media` (`id`, `media_type_id`, `catalog_id`, `body`, `filename`, `size`, `metadata`, `created_at`, `updated_at`) VALUES ('4', '4', '1', 'Magnam molestias ut atque. Molestiae harum ea inventore aut itaque dolores. Alias quia dolores et nihil voluptatem placeat. Aut dolor distinctio voluptatem ut aut non optio non.', 'quis', 4859, NULL, '1982-11-14 22:37:38', '1984-02-04 04:27:44');
INSERT INTO `media` (`id`, `media_type_id`, `catalog_id`, `body`, `filename`, `size`, `metadata`, `created_at`, `updated_at`) VALUES ('5', '1', '2', 'Aspernatur accusamus doloribus repellendus esse asperiores voluptatem velit. Enim reiciendis nisi maiores quia enim. Sunt amet ut doloribus velit quae earum ab pariatur. Ullam corporis dolor enim nostrum ut distinctio.', 'dolorem', 3408366, NULL, '1971-02-10 06:46:43', '1970-07-26 18:47:36');
INSERT INTO `media` (`id`, `media_type_id`, `catalog_id`, `body`, `filename`, `size`, `metadata`, `created_at`, `updated_at`) VALUES ('6', '2', '3', 'Sint dolor odit quaerat ducimus voluptatem. Provident fugit quibusdam rerum atque amet. Esse voluptas vero tempora quibusdam et omnis dolorem. Dolorem debitis sint quis veritatis asperiores. Rerum dolor ex sit enim repudiandae eum ea.', 'dolores', 3716721, NULL, '1999-02-05 06:01:55', '1970-01-20 14:58:44');
INSERT INTO `media` (`id`, `media_type_id`, `catalog_id`, `body`, `filename`, `size`, `metadata`, `created_at`, `updated_at`) VALUES ('7', '3', '1', 'Aperiam dolor sequi sunt sit. Commodi velit quod est eum eum aut porro. Ipsa ex consequatur perspiciatis quidem qui assumenda ipsa nihil.', 'necessitatibus', 23773, NULL, '2015-12-22 17:45:27', '2017-11-18 02:13:05');
INSERT INTO `media` (`id`, `media_type_id`, `catalog_id`, `body`, `filename`, `size`, `metadata`, `created_at`, `updated_at`) VALUES ('8', '4', '2', 'Iusto expedita velit quia distinctio iure numquam tenetur. Occaecati iusto sit suscipit fugiat fugiat sunt perferendis. Ut ratione libero sit eveniet doloribus libero vitae ipsam.', 'quo', 3830998, NULL, '1972-11-23 04:32:16', '2009-01-27 09:17:03');
INSERT INTO `media` (`id`, `media_type_id`, `catalog_id`, `body`, `filename`, `size`, `metadata`, `created_at`, `updated_at`) VALUES ('9', '1', '3', 'Maiores commodi dolores velit voluptatem aspernatur eveniet. Veritatis minus fugit minus voluptates blanditiis in dolorem ipsam. Accusantium non itaque earum cum. Quae voluptas recusandae voluptatem et aperiam nam ipsam.', 'ab', 442345814, NULL, '2021-09-10 02:44:09', '2014-01-23 20:31:10');
INSERT INTO `media` (`id`, `media_type_id`, `catalog_id`, `body`, `filename`, `size`, `metadata`, `created_at`, `updated_at`) VALUES ('10', '2', '1', 'Natus aut minus debitis provident ut. Et vel ullam qui voluptatem et voluptatem. Qui alias ut sunt nemo omnis. Aut ut cupiditate sit assumenda dolores voluptatem aut quo. Saepe odio culpa itaque.', 'et', 0, NULL, '1987-09-21 22:17:18', '2014-11-25 07:12:04');
INSERT INTO `media` (`id`, `media_type_id`, `catalog_id`, `body`, `filename`, `size`, `metadata`, `created_at`, `updated_at`) VALUES ('11', '3', '2', 'Nam officia est et soluta aut pariatur et iste. Necessitatibus qui minima quia voluptas et sapiente soluta ducimus. Ipsa aliquid nostrum occaecati illum. Sed qui nesciunt possimus consectetur eveniet.', 'ut', 15863183, NULL, '1976-06-12 08:46:40', '2012-05-27 02:31:59');
INSERT INTO `media` (`id`, `media_type_id`, `catalog_id`, `body`, `filename`, `size`, `metadata`, `created_at`, `updated_at`) VALUES ('12', '4', '3', 'Vitae numquam labore perferendis dolorem sunt. Assumenda qui sed molestiae itaque explicabo ducimus nihil eos. Perspiciatis officia dolore consequatur aut rem beatae iusto temporibus.', 'dolor', 34342, NULL, '1979-03-22 17:28:43', '1980-11-19 10:09:18');
INSERT INTO `media` (`id`, `media_type_id`, `catalog_id`, `body`, `filename`, `size`, `metadata`, `created_at`, `updated_at`) VALUES ('13', '1', '1', 'Earum autem necessitatibus ut id. Placeat architecto eum accusantium. Aspernatur molestiae eos qui ipsa exercitationem culpa mollitia cumque.', 'non', 2, NULL, '2020-12-02 17:31:25', '1978-12-08 13:47:18');
INSERT INTO `media` (`id`, `media_type_id`, `catalog_id`, `body`, `filename`, `size`, `metadata`, `created_at`, `updated_at`) VALUES ('14', '2', '2', 'Aut minima ratione harum animi occaecati libero iusto. Omnis qui magni amet expedita. Rerum temporibus quisquam quia tempore quia ducimus. Minus vel amet est optio saepe sit eum.', 'dicta', 349867424, NULL, '1988-07-08 12:11:48', '1973-09-10 21:44:43');
INSERT INTO `media` (`id`, `media_type_id`, `catalog_id`, `body`, `filename`, `size`, `metadata`, `created_at`, `updated_at`) VALUES ('15', '3', '3', 'Et magni aut ut qui quia veritatis in. Rem non nostrum nobis impedit ea dignissimos natus. Quis veniam unde inventore dolorem eos omnis consequatur.', 'inventore', 6381, NULL, '2018-06-30 13:32:53', '1976-02-12 19:18:36');
INSERT INTO `media` (`id`, `media_type_id`, `catalog_id`, `body`, `filename`, `size`, `metadata`, `created_at`, `updated_at`) VALUES ('16', '4', '1', 'Ad optio laboriosam minima ipsum dolorem consequatur. Ipsam cum eaque quia mollitia repellat. Blanditiis porro dolorum ipsum tempora provident aut deserunt.', 'mollitia', 114076, NULL, '1975-07-01 12:53:07', '2021-04-02 19:24:16');
INSERT INTO `media` (`id`, `media_type_id`, `catalog_id`, `body`, `filename`, `size`, `metadata`, `created_at`, `updated_at`) VALUES ('17', '1', '2', 'Aut dolorum dolorem iure maiores nulla laboriosam ratione odio. Et delectus recusandae error unde. Quas voluptas aspernatur quasi in repudiandae. Molestiae nihil dolorum et voluptatibus voluptatem.', 'aut', 0, NULL, '1992-07-03 09:58:21', '1977-12-17 19:51:41');
INSERT INTO `media` (`id`, `media_type_id`, `catalog_id`, `body`, `filename`, `size`, `metadata`, `created_at`, `updated_at`) VALUES ('18', '2', '3', 'Qui delectus ipsam quasi at laborum. Laboriosam quasi ut et voluptatem necessitatibus. Earum eveniet sit reprehenderit est numquam magni tempore.', 'asperiores', 8, NULL, '1984-06-10 16:16:04', '1977-05-15 21:39:39');
INSERT INTO `media` (`id`, `media_type_id`, `catalog_id`, `body`, `filename`, `size`, `metadata`, `created_at`, `updated_at`) VALUES ('19', '3', '1', 'Laudantium voluptates et minus nostrum qui labore at. Necessitatibus quis inventore sint nobis.', 'aperiam', 8146752, NULL, '2000-02-05 17:50:45', '1986-08-08 11:35:35');
INSERT INTO `media` (`id`, `media_type_id`, `catalog_id`, `body`, `filename`, `size`, `metadata`, `created_at`, `updated_at`) VALUES ('20', '4', '2', 'Ducimus aut occaecati dolores quod quia sint. Ipsa qui quis odit est necessitatibus iusto magnam. Rerum consequatur quasi asperiores fugiat. Et fugit esse vel error.', 'nisi', 0, NULL, '2018-08-31 13:37:06', '2010-04-12 19:39:03');
INSERT INTO `media` (`id`, `media_type_id`, `catalog_id`, `body`, `filename`, `size`, `metadata`, `created_at`, `updated_at`) VALUES ('21', '1', '3', 'Exercitationem qui omnis totam laborum pariatur omnis aspernatur. Consequuntur enim ipsa molestias qui ratione unde. Id culpa eum repellendus beatae aut. Laboriosam sed aspernatur fuga impedit quod atque quaerat in.', 'beatae', 422844969, NULL, '1999-02-12 01:17:05', '1995-10-16 09:08:39');
INSERT INTO `media` (`id`, `media_type_id`, `catalog_id`, `body`, `filename`, `size`, `metadata`, `created_at`, `updated_at`) VALUES ('22', '2', '1', 'Dolor officiis dolorem possimus omnis dolor repudiandae incidunt nobis. Consequuntur voluptas eum neque aut atque blanditiis unde. Aut laboriosam placeat dolores provident dolores. Et id quos aliquid earum praesentium ea amet inventore.', 'iusto', 82, NULL, '2015-04-29 15:44:08', '1985-09-22 21:59:18');
INSERT INTO `media` (`id`, `media_type_id`, `catalog_id`, `body`, `filename`, `size`, `metadata`, `created_at`, `updated_at`) VALUES ('23', '3', '2', 'Numquam asperiores et iste accusamus. Ut a exercitationem a qui necessitatibus dolorem.', 'dolor', 5, NULL, '1970-12-01 12:08:24', '2013-01-10 16:45:55');
INSERT INTO `media` (`id`, `media_type_id`, `catalog_id`, `body`, `filename`, `size`, `metadata`, `created_at`, `updated_at`) VALUES ('24', '4', '3', 'Assumenda reiciendis eos facere optio natus. Nostrum reiciendis ea magnam magnam. Minima impedit blanditiis sint sunt dolore est quod. Ut id ut ut et esse ut. Sit atque et iure voluptate autem est.', 'vero', 14, NULL, '2013-01-23 04:47:30', '1978-11-04 03:58:01');
INSERT INTO `media` (`id`, `media_type_id`, `catalog_id`, `body`, `filename`, `size`, `metadata`, `created_at`, `updated_at`) VALUES ('25', '1', '1', 'Laudantium harum animi qui qui asperiores laudantium sunt. Et quia quo consequuntur facere aut assumenda. Dolorum molestias fuga qui totam voluptates beatae non.', 'omnis', 752805, NULL, '1983-04-26 02:20:56', '1983-09-30 18:36:07');
INSERT INTO `media` (`id`, `media_type_id`, `catalog_id`, `body`, `filename`, `size`, `metadata`, `created_at`, `updated_at`) VALUES ('26', '2', '2', 'Fuga adipisci veniam nulla est porro quas. Eum voluptate dolorem eligendi quo accusantium. Ad tempora libero quasi ducimus modi. Architecto vitae nam omnis.', 'qui', 8, NULL, '1971-03-24 18:01:36', '2010-03-17 07:37:32');
INSERT INTO `media` (`id`, `media_type_id`, `catalog_id`, `body`, `filename`, `size`, `metadata`, `created_at`, `updated_at`) VALUES ('27', '3', '3', 'Cum sed eveniet quos doloremque. Voluptatibus sint et est tenetur nobis recusandae. Beatae sapiente eos inventore. Quia et temporibus voluptatem nam nihil delectus eaque.', 'sint', 6079, NULL, '1973-02-17 14:49:35', '1983-07-16 17:12:57');
INSERT INTO `media` (`id`, `media_type_id`, `catalog_id`, `body`, `filename`, `size`, `metadata`, `created_at`, `updated_at`) VALUES ('28', '4', '1', 'Quo veniam voluptatem eum et et laboriosam. Neque maxime quia soluta quisquam reprehenderit pariatur. Alias dignissimos ad occaecati.', 'et', 0, NULL, '1998-10-01 09:28:34', '2011-08-06 00:58:47');
INSERT INTO `media` (`id`, `media_type_id`, `catalog_id`, `body`, `filename`, `size`, `metadata`, `created_at`, `updated_at`) VALUES ('29', '1', '2', 'Odit molestias nihil facere error odit consequatur non. Officia et adipisci est aut animi quia. Voluptate blanditiis velit fugiat omnis.', 'autem', 0, NULL, '1985-09-08 01:53:49', '1971-04-21 08:45:22');
INSERT INTO `media` (`id`, `media_type_id`, `catalog_id`, `body`, `filename`, `size`, `metadata`, `created_at`, `updated_at`) VALUES ('30', '2', '3', 'Voluptatum iste voluptatibus possimus sed molestias quae. Maxime qui aut molestias dolores nostrum eum. Beatae vel sit nostrum a. Dolorum molestiae unde sunt.', 'rerum', 626747, NULL, '1974-10-30 01:08:13', '2014-03-08 14:55:50');
INSERT INTO `media` (`id`, `media_type_id`, `catalog_id`, `body`, `filename`, `size`, `metadata`, `created_at`, `updated_at`) VALUES ('31', '3', '1', 'Autem necessitatibus ullam et repellat. Itaque a consequatur explicabo quia ipsam dolorem. Qui atque ea placeat id id natus soluta voluptas. Sint consequatur sed possimus.', 'ut', 660, NULL, '2012-03-03 20:23:13', '2016-07-01 16:36:57');
INSERT INTO `media` (`id`, `media_type_id`, `catalog_id`, `body`, `filename`, `size`, `metadata`, `created_at`, `updated_at`) VALUES ('32', '4', '2', 'Tenetur voluptates ea fugit architecto id laudantium. Ad sed eius consectetur ratione. Accusantium voluptatem ut id et corrupti repellendus ipsam.', 'aut', 40889, NULL, '2001-02-24 06:45:51', '1978-03-22 01:45:57');
INSERT INTO `media` (`id`, `media_type_id`, `catalog_id`, `body`, `filename`, `size`, `metadata`, `created_at`, `updated_at`) VALUES ('33', '1', '3', 'Sapiente sit ut et perferendis harum. Cum eligendi voluptates ipsa nulla molestias asperiores. Itaque aut iste eos.', 'eos', 498226, NULL, '2017-02-22 13:35:48', '2014-08-21 17:05:29');
INSERT INTO `media` (`id`, `media_type_id`, `catalog_id`, `body`, `filename`, `size`, `metadata`, `created_at`, `updated_at`) VALUES ('34', '2', '1', 'Aliquam harum molestiae sit vel. Minus beatae et consequuntur nam sequi. Necessitatibus architecto dolores accusamus quia alias laboriosam.', 'dolores', 461693, NULL, '1983-03-13 02:39:05', '1999-05-20 20:15:45');
INSERT INTO `media` (`id`, `media_type_id`, `catalog_id`, `body`, `filename`, `size`, `metadata`, `created_at`, `updated_at`) VALUES ('35', '3', '2', 'Eos id mollitia voluptas ipsum repudiandae nulla. Eligendi ducimus sint et debitis. Error ratione culpa laudantium excepturi similique mollitia pariatur.', 'minima', 37299, NULL, '1978-01-05 22:53:07', '1996-02-09 17:42:49');
INSERT INTO `media` (`id`, `media_type_id`, `catalog_id`, `body`, `filename`, `size`, `metadata`, `created_at`, `updated_at`) VALUES ('36', '4', '3', 'Ut consectetur quia est qui consequatur molestiae. Incidunt aliquam aut accusamus et rerum. Corrupti quos deleniti voluptas neque quisquam. Aut consequatur sunt autem a harum illum incidunt fugiat.', 'in', 408349562, NULL, '1985-12-11 21:03:18', '2010-05-17 15:14:59');
INSERT INTO `media` (`id`, `media_type_id`, `catalog_id`, `body`, `filename`, `size`, `metadata`, `created_at`, `updated_at`) VALUES ('37', '1', '1', 'Facere necessitatibus qui est et ad aperiam laudantium laboriosam. Sit vitae nihil voluptates non ab deserunt porro. In non quod ullam corporis natus. Aut corrupti perspiciatis magnam autem.', 'distinctio', 24255, NULL, '1991-11-24 14:59:52', '2019-09-06 15:51:01');
INSERT INTO `media` (`id`, `media_type_id`, `catalog_id`, `body`, `filename`, `size`, `metadata`, `created_at`, `updated_at`) VALUES ('38', '2', '2', 'Est nulla voluptatem distinctio repudiandae est architecto molestias. Quasi expedita et ullam provident. Velit aut sed molestiae occaecati in voluptates quo id.', 'repellendus', 9896133, NULL, '1995-06-17 08:50:39', '1989-05-15 16:17:18');
INSERT INTO `media` (`id`, `media_type_id`, `catalog_id`, `body`, `filename`, `size`, `metadata`, `created_at`, `updated_at`) VALUES ('39', '3', '3', 'Itaque sed quia provident ducimus explicabo. Veritatis et amet ex aperiam aut voluptate qui et. Voluptates ea et dolorem voluptas odio nam corporis. Delectus dolor saepe id ut sit molestiae fuga.', 'architecto', 5, NULL, '2003-03-13 06:06:11', '1999-05-08 13:42:27');
INSERT INTO `media` (`id`, `media_type_id`, `catalog_id`, `body`, `filename`, `size`, `metadata`, `created_at`, `updated_at`) VALUES ('40', '4', '1', 'Rem quis et exercitationem ipsum. Dolores sed distinctio ea animi sed et quia non. Animi ea nulla nostrum sed corrupti quibusdam voluptatem. Maxime facilis quia voluptatem dolorem.', 'similique', 9, NULL, '1972-04-28 03:44:34', '1989-05-12 17:36:19');
INSERT INTO `media` (`id`, `media_type_id`, `catalog_id`, `body`, `filename`, `size`, `metadata`, `created_at`, `updated_at`) VALUES ('41', '1', '2', 'Facilis ex ipsum error non. Distinctio nesciunt distinctio non quidem omnis ut. Saepe et eaque repellat doloribus quasi. Qui quo et pariatur consequatur vitae mollitia quia.', 'sed', 12348, NULL, '2008-12-11 03:45:49', '2002-04-03 21:58:29');
INSERT INTO `media` (`id`, `media_type_id`, `catalog_id`, `body`, `filename`, `size`, `metadata`, `created_at`, `updated_at`) VALUES ('42', '2', '3', 'Accusantium molestiae eum exercitationem. Qui rerum earum minima dolorem quia. Dolores assumenda quaerat aut et ut.', 'quis', 507, NULL, '2019-07-20 15:44:07', '2018-03-06 05:02:22');
INSERT INTO `media` (`id`, `media_type_id`, `catalog_id`, `body`, `filename`, `size`, `metadata`, `created_at`, `updated_at`) VALUES ('43', '3', '1', 'Inventore aut sit minima et. Temporibus culpa quaerat occaecati a et dolor.', 'omnis', 3334685, NULL, '1980-08-08 23:35:08', '2005-06-14 00:14:58');
INSERT INTO `media` (`id`, `media_type_id`, `catalog_id`, `body`, `filename`, `size`, `metadata`, `created_at`, `updated_at`) VALUES ('44', '4', '2', 'Rerum quia voluptas esse tempore magnam temporibus. Vel et vel eaque perferendis culpa. Excepturi voluptatem dolorem accusamus dolorum officiis omnis. Natus fugiat quibusdam culpa dignissimos.', 'unde', 369, NULL, '1997-05-03 12:35:03', '1992-01-22 11:41:30');
INSERT INTO `media` (`id`, `media_type_id`, `catalog_id`, `body`, `filename`, `size`, `metadata`, `created_at`, `updated_at`) VALUES ('45', '1', '3', 'Impedit eum sunt repudiandae necessitatibus dolor qui. Totam provident neque libero. Cumque voluptas maiores et enim.', 'deserunt', 9, NULL, '1994-06-09 16:45:24', '1986-10-18 23:30:53');
INSERT INTO `media` (`id`, `media_type_id`, `catalog_id`, `body`, `filename`, `size`, `metadata`, `created_at`, `updated_at`) VALUES ('46', '2', '1', 'Quam dolor sequi quis maiores consequatur velit praesentium et. Corporis ullam molestiae reiciendis qui. Cumque qui illo culpa adipisci. Ea ipsam voluptatem impedit voluptas eos ipsa enim. Enim ex eum beatae reprehenderit quia rerum in.', 'rerum', 1154, NULL, '1998-09-27 23:59:16', '1982-01-07 08:40:11');
INSERT INTO `media` (`id`, `media_type_id`, `catalog_id`, `body`, `filename`, `size`, `metadata`, `created_at`, `updated_at`) VALUES ('47', '3', '2', 'Possimus dicta eum non natus eveniet fuga. Ex necessitatibus nobis suscipit consequatur sit. Ad voluptas ut est at. Natus tenetur dolorem vel explicabo ipsum.', 'dolor', 0, NULL, '1970-12-01 17:55:19', '2000-10-10 20:55:22');
INSERT INTO `media` (`id`, `media_type_id`, `catalog_id`, `body`, `filename`, `size`, `metadata`, `created_at`, `updated_at`) VALUES ('48', '4', '3', 'Quis possimus doloremque eos iure. In reiciendis dolorem iure non maiores.', 'at', 834454823, NULL, '1981-08-01 03:13:39', '1976-07-09 09:09:45');
INSERT INTO `media` (`id`, `media_type_id`, `catalog_id`, `body`, `filename`, `size`, `metadata`, `created_at`, `updated_at`) VALUES ('49', '1', '1', 'Est aspernatur ratione qui eaque. Totam non rerum et sunt. Accusamus optio repellendus non et omnis.', 'sapiente', 0, NULL, '2007-05-26 01:46:06', '1998-07-24 05:50:41');
INSERT INTO `media` (`id`, `media_type_id`, `catalog_id`, `body`, `filename`, `size`, `metadata`, `created_at`, `updated_at`) VALUES ('50', '2', '2', 'Ab sequi repudiandae voluptas et. Animi molestias optio error. Aut ut sunt dignissimos deserunt totam velit.', 'omnis', 96, NULL, '1994-04-06 06:57:02', '1997-08-28 01:48:28');
INSERT INTO `media` (`id`, `media_type_id`, `catalog_id`, `body`, `filename`, `size`, `metadata`, `created_at`, `updated_at`) VALUES ('51', '3', '3', 'Explicabo consectetur architecto assumenda facere quia aliquid numquam neque. Voluptate atque atque possimus magnam nisi laboriosam modi. Architecto sequi sunt iusto minus doloribus. Rem velit molestiae alias eligendi tenetur quia.', 'modi', 683747, NULL, '2004-11-11 01:56:36', '1998-12-15 06:28:05');
INSERT INTO `media` (`id`, `media_type_id`, `catalog_id`, `body`, `filename`, `size`, `metadata`, `created_at`, `updated_at`) VALUES ('52', '4', '1', 'Accusamus unde iusto vel impedit laudantium voluptas. Ut quia consequatur autem corrupti. Et eum maiores velit enim ab vitae consequatur.', 'ad', 6952, NULL, '1989-01-09 22:32:04', '1981-08-19 11:54:12');
INSERT INTO `media` (`id`, `media_type_id`, `catalog_id`, `body`, `filename`, `size`, `metadata`, `created_at`, `updated_at`) VALUES ('53', '1', '2', 'Amet quisquam eos modi placeat placeat non porro. Ex accusamus omnis fugiat. Nihil voluptatem similique quia reiciendis officiis.', 'eius', 8138475, NULL, '1997-09-20 12:21:38', '1976-11-26 16:44:22');
INSERT INTO `media` (`id`, `media_type_id`, `catalog_id`, `body`, `filename`, `size`, `metadata`, `created_at`, `updated_at`) VALUES ('54', '2', '3', 'Vitae non in consequatur numquam. Odit veritatis corrupti eos quia illum architecto. Sit quia ea beatae qui quae dolorem mollitia. Dolor quis quo id est et sint.', 'nemo', 429190655, NULL, '1977-09-05 04:22:57', '2005-11-07 08:56:28');
INSERT INTO `media` (`id`, `media_type_id`, `catalog_id`, `body`, `filename`, `size`, `metadata`, `created_at`, `updated_at`) VALUES ('55', '3', '1', 'Reprehenderit ratione sed laboriosam rerum. Qui recusandae et ea numquam. Labore qui similique vel molestiae ipsum ut optio earum. Dolorem repellat temporibus enim consequuntur non molestiae.', 'quia', 0, NULL, '1993-08-22 18:09:29', '1984-12-18 05:12:28');
INSERT INTO `media` (`id`, `media_type_id`, `catalog_id`, `body`, `filename`, `size`, `metadata`, `created_at`, `updated_at`) VALUES ('56', '4', '2', 'Ipsum voluptates dignissimos quod qui cumque ut est. Sint omnis numquam sequi autem qui officiis quis.', 'ea', 9, NULL, '2006-12-05 18:25:15', '1983-11-21 05:15:30');
INSERT INTO `media` (`id`, `media_type_id`, `catalog_id`, `body`, `filename`, `size`, `metadata`, `created_at`, `updated_at`) VALUES ('57', '1', '3', 'Minima tenetur porro voluptatem aperiam nisi dolorum quam. Et veniam quis est praesentium.', 'sit', 69489617, NULL, '1979-08-30 10:10:27', '1998-09-01 13:13:54');
INSERT INTO `media` (`id`, `media_type_id`, `catalog_id`, `body`, `filename`, `size`, `metadata`, `created_at`, `updated_at`) VALUES ('58', '2', '1', 'Rerum porro repellendus voluptatem et exercitationem. Dolor architecto molestiae aut deserunt sed libero rerum. Quos pariatur aliquam earum odio nemo. Eveniet et quasi voluptatibus sint omnis possimus.', 'omnis', 30921, NULL, '1983-08-02 19:56:20', '2011-04-15 09:47:22');
INSERT INTO `media` (`id`, `media_type_id`, `catalog_id`, `body`, `filename`, `size`, `metadata`, `created_at`, `updated_at`) VALUES ('59', '3', '2', 'Dolorem quo dolore rem et. Sed praesentium quisquam aliquid aut doloribus aliquid et. Porro eaque placeat laboriosam incidunt voluptatem autem rerum.', 'vitae', 9095616, NULL, '2015-01-21 12:39:52', '1972-07-19 19:13:10');
INSERT INTO `media` (`id`, `media_type_id`, `catalog_id`, `body`, `filename`, `size`, `metadata`, `created_at`, `updated_at`) VALUES ('60', '4', '3', 'Est omnis minus sint sint omnis. Qui vel sed ex laudantium. Ex et doloribus illum iure quo. Tempore voluptatibus dignissimos voluptate id.', 'id', 5, NULL, '2007-03-04 11:48:32', '1970-12-03 17:12:31');
INSERT INTO `media` (`id`, `media_type_id`, `catalog_id`, `body`, `filename`, `size`, `metadata`, `created_at`, `updated_at`) VALUES ('61', '1', '1', 'Hic in tenetur ducimus quia libero tenetur modi ut. Magni corrupti autem ea eum. Soluta porro adipisci quas aliquam hic voluptas sint. Quis consectetur quisquam quisquam aut.', 'aliquid', 426826, NULL, '2010-12-08 11:28:05', '1997-03-18 21:08:28');
INSERT INTO `media` (`id`, `media_type_id`, `catalog_id`, `body`, `filename`, `size`, `metadata`, `created_at`, `updated_at`) VALUES ('62', '2', '2', 'Rem facere distinctio harum tempora et. Est illum et aut sit sit velit.', 'nihil', 0, NULL, '1997-04-01 14:05:20', '2021-05-13 20:26:07');
INSERT INTO `media` (`id`, `media_type_id`, `catalog_id`, `body`, `filename`, `size`, `metadata`, `created_at`, `updated_at`) VALUES ('63', '3', '3', 'Sint aut cum laboriosam eum facilis. Soluta incidunt fugit aliquam. Voluptatem blanditiis perferendis sunt unde non amet. Quod ex itaque et.', 'sunt', 28126238, NULL, '2005-11-28 11:48:33', '2016-01-15 02:07:01');
INSERT INTO `media` (`id`, `media_type_id`, `catalog_id`, `body`, `filename`, `size`, `metadata`, `created_at`, `updated_at`) VALUES ('64', '4', '1', 'Harum culpa asperiores omnis culpa ea rerum qui. Eligendi ea molestias sit placeat nihil perspiciatis corrupti laboriosam. Nostrum praesentium sed numquam officia officia quia. Possimus at explicabo itaque esse.', 'corrupti', 65270, NULL, '1976-04-13 23:31:32', '1994-08-02 19:07:22');
INSERT INTO `media` (`id`, `media_type_id`, `catalog_id`, `body`, `filename`, `size`, `metadata`, `created_at`, `updated_at`) VALUES ('65', '1', '2', 'Assumenda deleniti repellendus aperiam fuga deserunt eum. Magni quia tempora vel qui provident reprehenderit nam modi. Et vel eveniet laborum ut. Aperiam molestias sapiente voluptatum autem.', 'quam', 57112736, NULL, '1981-04-23 07:19:31', '2001-01-23 13:01:57');
INSERT INTO `media` (`id`, `media_type_id`, `catalog_id`, `body`, `filename`, `size`, `metadata`, `created_at`, `updated_at`) VALUES ('66', '2', '3', 'Commodi cum nam quos error. Quae dicta in eveniet cupiditate. Placeat repellat quibusdam saepe. Necessitatibus neque fugiat aut aut animi nisi vel.', 'rerum', 59639, NULL, '2002-05-04 20:59:11', '1992-05-16 03:50:13');
INSERT INTO `media` (`id`, `media_type_id`, `catalog_id`, `body`, `filename`, `size`, `metadata`, `created_at`, `updated_at`) VALUES ('67', '3', '1', 'Eos corporis veritatis quam molestiae porro. Qui facilis consectetur et voluptatem velit. Voluptate aut odio dolores sit voluptas.', 'voluptas', 822, NULL, '1991-10-22 05:13:49', '1974-10-20 04:48:43');
INSERT INTO `media` (`id`, `media_type_id`, `catalog_id`, `body`, `filename`, `size`, `metadata`, `created_at`, `updated_at`) VALUES ('68', '4', '2', 'In minus aliquam repellendus quisquam dolor est ipsum sint. Non dolores impedit modi voluptas ex repellat. Error recusandae dolorum est et eius voluptate non eaque. Dolor et error mollitia. Dolores vel qui maiores alias dolores quis perspiciatis.', 'ut', 5760478, NULL, '1992-01-16 10:48:40', '2001-12-08 17:32:08');
INSERT INTO `media` (`id`, `media_type_id`, `catalog_id`, `body`, `filename`, `size`, `metadata`, `created_at`, `updated_at`) VALUES ('69', '1', '3', 'Expedita illo velit consectetur rerum molestias. Officia qui recusandae omnis enim. Numquam voluptates ab ipsum maxime itaque.', 'animi', 505792, NULL, '1991-10-16 00:26:39', '1998-04-27 20:33:58');
INSERT INTO `media` (`id`, `media_type_id`, `catalog_id`, `body`, `filename`, `size`, `metadata`, `created_at`, `updated_at`) VALUES ('70', '2', '1', 'Non rem sunt quidem ad quod et. Doloremque ut dolore repellat non. Et quia dolores quia et cupiditate veniam error. Quis repudiandae ea voluptatem rem sunt odit.', 'qui', 31302, NULL, '1985-03-12 21:35:48', '1998-05-28 07:34:50');
INSERT INTO `media` (`id`, `media_type_id`, `catalog_id`, `body`, `filename`, `size`, `metadata`, `created_at`, `updated_at`) VALUES ('71', '3', '2', 'Blanditiis aliquid molestiae ut assumenda. Veniam sed aut voluptate omnis. Cumque ut qui modi dolorem. Cumque consequatur adipisci illum eos eius.', 'error', 2, NULL, '1991-04-13 05:30:24', '2002-06-23 12:30:24');
INSERT INTO `media` (`id`, `media_type_id`, `catalog_id`, `body`, `filename`, `size`, `metadata`, `created_at`, `updated_at`) VALUES ('72', '4', '3', 'Atque at ut sunt sunt. Eos dolores officia eos fugiat. Quia rem quia facere reiciendis enim dolores.', 'magni', 491, NULL, '1998-10-16 19:50:17', '1993-06-26 10:08:25');
INSERT INTO `media` (`id`, `media_type_id`, `catalog_id`, `body`, `filename`, `size`, `metadata`, `created_at`, `updated_at`) VALUES ('73', '1', '1', 'Ratione doloribus et temporibus dolorem nulla. Unde ab et et saepe vero. Eligendi fugit saepe magni illum eum possimus consectetur. Eaque officia soluta fugiat asperiores soluta recusandae illum. Sint aut in sint id.', 'dolorem', 61844, NULL, '1985-05-12 02:02:58', '1971-03-10 12:05:08');
INSERT INTO `media` (`id`, `media_type_id`, `catalog_id`, `body`, `filename`, `size`, `metadata`, `created_at`, `updated_at`) VALUES ('74', '2', '2', 'Qui saepe beatae voluptatem necessitatibus et architecto molestiae. Quo et sunt voluptatem cumque rerum. Est enim magni deleniti eum.', 'soluta', 87271356, NULL, '2008-12-25 13:55:54', '2001-08-04 04:18:44');
INSERT INTO `media` (`id`, `media_type_id`, `catalog_id`, `body`, `filename`, `size`, `metadata`, `created_at`, `updated_at`) VALUES ('75', '3', '3', 'Sed asperiores quidem aspernatur maxime quia similique corporis quibusdam. Quo quisquam quis voluptatem porro tempore iure cumque.', 'minus', 405674222, NULL, '2012-01-07 01:18:07', '1983-10-05 11:03:09');
INSERT INTO `media` (`id`, `media_type_id`, `catalog_id`, `body`, `filename`, `size`, `metadata`, `created_at`, `updated_at`) VALUES ('76', '4', '1', 'Expedita autem velit impedit et. Cumque et maiores aspernatur minima. Excepturi consequatur asperiores aliquam sit aut consectetur.', 'esse', 64191, NULL, '2001-02-04 16:38:45', '2005-06-06 00:37:58');
INSERT INTO `media` (`id`, `media_type_id`, `catalog_id`, `body`, `filename`, `size`, `metadata`, `created_at`, `updated_at`) VALUES ('77', '1', '2', 'Excepturi omnis aut natus voluptates fugiat voluptatibus dolorum. Molestiae numquam labore nulla. Ut dignissimos dignissimos consequatur fuga atque dolores quis.', 'doloremque', 1, NULL, '2018-09-05 00:55:59', '2016-05-22 08:26:56');
INSERT INTO `media` (`id`, `media_type_id`, `catalog_id`, `body`, `filename`, `size`, `metadata`, `created_at`, `updated_at`) VALUES ('78', '2', '3', 'Officia magnam voluptatem quos. Quo pariatur ex enim nisi non. Quaerat ut error ut est. Tempora sint fugiat vitae.', 'sit', 8742707, NULL, '1983-05-03 00:58:27', '1972-01-04 06:48:07');
INSERT INTO `media` (`id`, `media_type_id`, `catalog_id`, `body`, `filename`, `size`, `metadata`, `created_at`, `updated_at`) VALUES ('79', '3', '1', 'Sint voluptatem soluta autem occaecati. Natus architecto sint quis non mollitia impedit. Natus quidem et eveniet sed id. Temporibus officia necessitatibus id reiciendis nam voluptatem.', 'inventore', 43050944, NULL, '2016-07-11 04:36:13', '2010-12-10 04:51:01');
INSERT INTO `media` (`id`, `media_type_id`, `catalog_id`, `body`, `filename`, `size`, `metadata`, `created_at`, `updated_at`) VALUES ('80', '4', '2', 'Qui nisi architecto voluptatibus molestias voluptatem alias quaerat eaque. Corporis rerum pariatur nesciunt delectus soluta suscipit. Doloribus et nesciunt sed blanditiis et et minima. Laudantium mollitia a est earum magni. Eum quod ducimus dolor assumenda nostrum.', 'aut', 1243, NULL, '1989-08-24 23:50:48', '1988-05-07 03:01:00');
INSERT INTO `media` (`id`, `media_type_id`, `catalog_id`, `body`, `filename`, `size`, `metadata`, `created_at`, `updated_at`) VALUES ('81', '1', '3', 'Quod saepe molestias ea ut. Quis corrupti commodi debitis. Quia architecto velit qui est provident. Qui illo tempora voluptates est aperiam optio.', 'molestiae', 389, NULL, '2016-01-26 09:52:43', '1971-01-11 15:57:38');
INSERT INTO `media` (`id`, `media_type_id`, `catalog_id`, `body`, `filename`, `size`, `metadata`, `created_at`, `updated_at`) VALUES ('82', '2', '1', 'Quasi velit in optio quia voluptas distinctio qui. Blanditiis nesciunt ea qui cumque consequatur saepe. Aut modi sunt libero impedit vitae consequatur consequuntur. Pariatur eaque optio nesciunt voluptatem velit et est unde.', 'atque', 592420587, NULL, '2009-08-23 21:46:57', '1999-12-13 05:34:58');
INSERT INTO `media` (`id`, `media_type_id`, `catalog_id`, `body`, `filename`, `size`, `metadata`, `created_at`, `updated_at`) VALUES ('83', '3', '2', 'Et itaque est sed qui. Voluptatibus et quis eos consequatur. Voluptatibus omnis facere id aut pariatur voluptatem qui. Autem ut quibusdam rem nam. Voluptas et aliquid animi beatae reiciendis qui ipsa.', 'qui', 1, NULL, '1995-10-24 15:07:25', '1991-05-20 19:51:45');
INSERT INTO `media` (`id`, `media_type_id`, `catalog_id`, `body`, `filename`, `size`, `metadata`, `created_at`, `updated_at`) VALUES ('84', '4', '3', 'Cumque dolor et doloremque ullam. Voluptatum harum ipsam eius ipsam rem architecto qui. Veniam et iste amet veniam sit fugiat esse. Voluptates minima at fuga quia et.', 'qui', 789547605, NULL, '1995-06-22 09:05:05', '1993-11-19 02:00:11');
INSERT INTO `media` (`id`, `media_type_id`, `catalog_id`, `body`, `filename`, `size`, `metadata`, `created_at`, `updated_at`) VALUES ('85', '1', '1', 'Et qui nemo ducimus velit. Et inventore enim et. Debitis et velit omnis fugiat a.', 'laborum', 6, NULL, '2011-04-10 18:08:04', '2012-11-04 11:31:50');
INSERT INTO `media` (`id`, `media_type_id`, `catalog_id`, `body`, `filename`, `size`, `metadata`, `created_at`, `updated_at`) VALUES ('86', '2', '2', 'Sed deleniti quis ut sint. Et modi beatae quas non praesentium eum sed. Dolorem et nisi et dolor aut nisi.', 'voluptatibus', 398, NULL, '2003-12-05 09:43:34', '2013-03-21 22:47:57');
INSERT INTO `media` (`id`, `media_type_id`, `catalog_id`, `body`, `filename`, `size`, `metadata`, `created_at`, `updated_at`) VALUES ('87', '3', '3', 'Iure eos at optio at cumque. Officiis maxime odio fugiat est architecto. Dolorum dolore rem et odit nulla animi sequi.', 'quod', 330718, NULL, '2021-12-26 09:45:38', '2014-01-22 04:43:34');
INSERT INTO `media` (`id`, `media_type_id`, `catalog_id`, `body`, `filename`, `size`, `metadata`, `created_at`, `updated_at`) VALUES ('88', '4', '1', 'Fugiat architecto delectus tempora nihil dolor tempora. Assumenda reiciendis ratione eos sit necessitatibus dicta exercitationem. Voluptates reiciendis provident incidunt consequatur in.', 'fugiat', 61, NULL, '1983-07-23 04:31:13', '2008-11-03 15:34:15');
INSERT INTO `media` (`id`, `media_type_id`, `catalog_id`, `body`, `filename`, `size`, `metadata`, `created_at`, `updated_at`) VALUES ('89', '1', '2', 'Possimus consequatur incidunt recusandae dolor recusandae ex incidunt natus. Quasi qui enim aliquam dolorum commodi eum. Aut dolorum id id.', 'et', 7, NULL, '2020-11-13 13:35:48', '1982-08-23 09:16:49');
INSERT INTO `media` (`id`, `media_type_id`, `catalog_id`, `body`, `filename`, `size`, `metadata`, `created_at`, `updated_at`) VALUES ('90', '2', '3', 'Ex vitae ratione modi quia molestiae qui quod. Asperiores repudiandae doloremque beatae et dignissimos alias quae odit. Est repudiandae illum non rerum ut. Ullam ab reiciendis quis.', 'voluptas', 686435, NULL, '2020-04-03 03:28:15', '1978-07-05 07:18:50');
INSERT INTO `media` (`id`, `media_type_id`, `catalog_id`, `body`, `filename`, `size`, `metadata`, `created_at`, `updated_at`) VALUES ('91', '3', '1', 'Alias ipsam eaque culpa aut. Aut vel est cum rem et consectetur. Voluptate dolor ea provident eius vitae nobis quasi. Sed sapiente quia quae mollitia aperiam.', 'omnis', 201394062, NULL, '1985-09-11 04:43:51', '2008-11-19 09:59:02');
INSERT INTO `media` (`id`, `media_type_id`, `catalog_id`, `body`, `filename`, `size`, `metadata`, `created_at`, `updated_at`) VALUES ('92', '4', '2', 'Quasi quam consequatur et. Est cum illo dicta. Ut nulla ipsam quisquam sed.', 'vel', 38, NULL, '1998-06-15 18:11:54', '2021-10-29 01:42:14');
INSERT INTO `media` (`id`, `media_type_id`, `catalog_id`, `body`, `filename`, `size`, `metadata`, `created_at`, `updated_at`) VALUES ('93', '1', '3', 'Voluptas unde iure suscipit velit dicta voluptas. Molestias temporibus expedita aut modi laborum. Placeat id quibusdam facilis vel magni alias repellendus. Quia aut quia ut aspernatur eum est.', 'placeat', 8137675, NULL, '1985-09-01 01:51:37', '2001-09-27 10:51:30');
INSERT INTO `media` (`id`, `media_type_id`, `catalog_id`, `body`, `filename`, `size`, `metadata`, `created_at`, `updated_at`) VALUES ('94', '2', '1', 'Vero illum recusandae quos amet vero omnis quibusdam. Et eos pariatur maxime. Qui fugiat corrupti et ut. Maxime expedita magnam modi.', 'consequatur', 68897, NULL, '2006-04-24 16:29:47', '1975-02-18 12:39:11');
INSERT INTO `media` (`id`, `media_type_id`, `catalog_id`, `body`, `filename`, `size`, `metadata`, `created_at`, `updated_at`) VALUES ('95', '3', '2', 'Temporibus nostrum quae maxime fugit dolor fuga aliquid. Aut corrupti quia sapiente quia. Quis eos voluptatem vero.', 'numquam', 0, NULL, '2014-03-20 14:21:11', '2017-05-23 14:39:44');
INSERT INTO `media` (`id`, `media_type_id`, `catalog_id`, `body`, `filename`, `size`, `metadata`, `created_at`, `updated_at`) VALUES ('96', '4', '3', 'A laboriosam enim magni molestiae ratione. In minus aperiam atque tenetur ullam ullam. Voluptas numquam ut nihil quis.', 'qui', 41943445, NULL, '1991-04-03 02:06:40', '1971-02-14 09:36:23');
INSERT INTO `media` (`id`, `media_type_id`, `catalog_id`, `body`, `filename`, `size`, `metadata`, `created_at`, `updated_at`) VALUES ('97', '1', '1', 'Veritatis cumque cumque mollitia nihil consequatur aliquam nulla aut. Suscipit dignissimos facilis minus incidunt. At accusamus officiis corporis ipsa mollitia.', 'qui', 2, NULL, '1981-09-14 00:44:30', '1977-01-25 23:18:09');
INSERT INTO `media` (`id`, `media_type_id`, `catalog_id`, `body`, `filename`, `size`, `metadata`, `created_at`, `updated_at`) VALUES ('98', '2', '2', 'Quo a delectus culpa rerum quae dolores. Quo rerum et magni iusto exercitationem iure. Consequatur maiores labore hic est vitae occaecati sunt aliquam.', 'ipsum', 21, NULL, '2005-09-24 00:33:06', '2016-07-11 00:20:21');
INSERT INTO `media` (`id`, `media_type_id`, `catalog_id`, `body`, `filename`, `size`, `metadata`, `created_at`, `updated_at`) VALUES ('99', '3', '3', 'Laudantium eum officiis velit magni assumenda. Enim itaque corrupti dolores et dolores animi. At error id dolor.', 'magnam', 85978, NULL, '1974-09-02 17:19:52', '2015-08-02 20:20:10');
INSERT INTO `media` (`id`, `media_type_id`, `catalog_id`, `body`, `filename`, `size`, `metadata`, `created_at`, `updated_at`) VALUES ('100', '4', '1', 'Pariatur earum sunt vel consequatur. Corporis sit nam reprehenderit quibusdam repellendus impedit.', 'nam', 30831, NULL, '1975-03-07 18:33:20', '1975-08-15 18:59:43');
INSERT INTO `media` (`id`, `media_type_id`, `catalog_id`, `body`, `filename`, `size`, `metadata`, `created_at`, `updated_at`) VALUES ('101', '1', '2', 'Dolores incidunt eaque repellat. Eveniet omnis accusamus eveniet delectus voluptatem.', 'quia', 15, NULL, '2003-08-11 02:42:33', '1978-08-26 06:15:14');
INSERT INTO `media` (`id`, `media_type_id`, `catalog_id`, `body`, `filename`, `size`, `metadata`, `created_at`, `updated_at`) VALUES ('102', '2', '3', 'Et autem vel voluptas voluptatum ex. Dignissimos illo facere ea molestias. Architecto illo non voluptatem quam ea explicabo at est. Aliquid magnam adipisci ratione voluptas.', 'dolorem', 724921, NULL, '1995-04-11 11:55:56', '1979-04-07 13:42:14');
INSERT INTO `media` (`id`, `media_type_id`, `catalog_id`, `body`, `filename`, `size`, `metadata`, `created_at`, `updated_at`) VALUES ('103', '3', '1', 'Ut recusandae atque dolores ab perferendis quae consequatur. Asperiores voluptas rem est exercitationem. Repellat neque mollitia rerum sint sint. Veniam deleniti porro et sed repudiandae aut.', 'eius', 891, NULL, '1998-10-17 13:05:40', '1987-07-22 08:46:23');
INSERT INTO `media` (`id`, `media_type_id`, `catalog_id`, `body`, `filename`, `size`, `metadata`, `created_at`, `updated_at`) VALUES ('104', '4', '2', 'Cum qui est iusto ea aspernatur nobis omnis. Animi tempore explicabo alias id accusantium minus molestiae nostrum. Rem eius cupiditate harum ullam ut quam.', 'omnis', 0, NULL, '2002-06-21 18:20:02', '1992-05-04 17:11:36');
INSERT INTO `media` (`id`, `media_type_id`, `catalog_id`, `body`, `filename`, `size`, `metadata`, `created_at`, `updated_at`) VALUES ('105', '1', '3', 'Illum non non similique placeat minima magnam quia. Veniam velit eius voluptatem nam sit eligendi. Aut perferendis non laborum. Atque quis similique eaque quibusdam.', 'fugiat', 688483942, NULL, '2000-01-30 08:55:43', '2015-10-05 08:16:08');
INSERT INTO `media` (`id`, `media_type_id`, `catalog_id`, `body`, `filename`, `size`, `metadata`, `created_at`, `updated_at`) VALUES ('106', '2', '1', 'Illum eos ab sit voluptatem. Aliquam ut unde odio sint voluptatem eum. Fugit ea tenetur provident beatae temporibus.', 'officiis', 0, NULL, '2010-01-07 09:16:02', '1993-08-04 17:31:37');
INSERT INTO `media` (`id`, `media_type_id`, `catalog_id`, `body`, `filename`, `size`, `metadata`, `created_at`, `updated_at`) VALUES ('107', '3', '2', 'Fugit aliquid aperiam totam aspernatur facilis labore sit dignissimos. Et ab quisquam ex ut facilis officia. Maiores laboriosam nisi est rerum hic consequatur aut. Cupiditate reprehenderit mollitia quibusdam rerum et sed dolorem.', 'sequi', 3, NULL, '2019-05-02 19:45:35', '2006-12-07 21:29:38');
INSERT INTO `media` (`id`, `media_type_id`, `catalog_id`, `body`, `filename`, `size`, `metadata`, `created_at`, `updated_at`) VALUES ('108', '4', '3', 'Sunt repellat officiis repellat. Ut nihil est fugiat. Dolorum eum expedita omnis cupiditate ut qui dolor. Omnis et sit in suscipit veniam fuga non. Cumque laborum aut quia.', 'omnis', 173820710, NULL, '2020-01-19 15:27:14', '1983-05-27 18:20:20');
INSERT INTO `media` (`id`, `media_type_id`, `catalog_id`, `body`, `filename`, `size`, `metadata`, `created_at`, `updated_at`) VALUES ('109', '1', '1', 'Ea eveniet ea architecto nobis. Veritatis ducimus id est debitis fugit quas. Quaerat at hic hic laudantium vel. Nihil voluptatum et laboriosam voluptatibus ut. Quidem accusantium aliquid exercitationem enim.', 'adipisci', 4456996, NULL, '2009-04-22 18:46:13', '1997-09-28 11:47:32');
INSERT INTO `media` (`id`, `media_type_id`, `catalog_id`, `body`, `filename`, `size`, `metadata`, `created_at`, `updated_at`) VALUES ('110', '2', '2', 'Itaque reprehenderit voluptatem natus enim eum. Consequatur nesciunt est debitis est molestias cumque. In ex quia laboriosam enim.', 'odit', 87, NULL, '2003-07-27 13:05:42', '2014-08-30 11:28:06');
INSERT INTO `media` (`id`, `media_type_id`, `catalog_id`, `body`, `filename`, `size`, `metadata`, `created_at`, `updated_at`) VALUES ('111', '3', '3', 'Et neque provident provident officiis. Reprehenderit dolorum consequatur adipisci. Iure ullam modi aperiam velit pariatur.', 'tempora', 877604328, NULL, '1991-07-05 00:25:07', '1978-10-10 16:34:43');
INSERT INTO `media` (`id`, `media_type_id`, `catalog_id`, `body`, `filename`, `size`, `metadata`, `created_at`, `updated_at`) VALUES ('112', '4', '1', 'Corrupti illum molestiae culpa asperiores molestias minima. Dolor voluptas officia vitae omnis asperiores optio sed. Aut voluptatem ut atque reprehenderit qui provident est facilis. Laudantium tempore velit quia id illum corporis.', 'quia', 5, NULL, '1986-09-21 07:04:57', '2007-02-21 22:19:44');
INSERT INTO `media` (`id`, `media_type_id`, `catalog_id`, `body`, `filename`, `size`, `metadata`, `created_at`, `updated_at`) VALUES ('113', '1', '2', 'Fugit expedita neque autem suscipit aliquam. At est aut non placeat. Qui molestiae et nulla qui quibusdam. Sequi facere quia maiores sint.', 'rerum', 919136, NULL, '1972-05-02 23:53:18', '1987-02-19 05:41:42');
INSERT INTO `media` (`id`, `media_type_id`, `catalog_id`, `body`, `filename`, `size`, `metadata`, `created_at`, `updated_at`) VALUES ('114', '2', '3', 'Quia reprehenderit temporibus totam soluta at praesentium officia. Saepe doloribus enim ipsa aut. Accusantium ducimus debitis tempora ipsa fuga rerum.', 'qui', 1755, NULL, '2018-11-29 12:54:29', '1978-01-14 13:02:45');
INSERT INTO `media` (`id`, `media_type_id`, `catalog_id`, `body`, `filename`, `size`, `metadata`, `created_at`, `updated_at`) VALUES ('115', '3', '1', 'Consequatur eligendi eligendi omnis in. Illo placeat et autem similique mollitia excepturi dolore nesciunt. Nobis ut saepe omnis maiores sed sint.', 'rerum', 224749, NULL, '2017-06-08 05:26:09', '1970-04-16 11:02:39');
INSERT INTO `media` (`id`, `media_type_id`, `catalog_id`, `body`, `filename`, `size`, `metadata`, `created_at`, `updated_at`) VALUES ('116', '4', '2', 'Dolores molestias nemo eligendi. Sapiente quia ea asperiores qui dicta iusto repudiandae. Non culpa est non numquam.', 'corporis', 61502933, NULL, '2004-01-14 01:07:49', '1988-02-12 15:42:21');
INSERT INTO `media` (`id`, `media_type_id`, `catalog_id`, `body`, `filename`, `size`, `metadata`, `created_at`, `updated_at`) VALUES ('117', '1', '3', 'Repellat architecto sequi optio cum quia id sit. Id enim in illum voluptatem alias natus ullam. Veniam delectus incidunt facere est enim in incidunt non.', 'ratione', 22, NULL, '2018-09-24 17:34:03', '2011-04-01 16:05:44');
INSERT INTO `media` (`id`, `media_type_id`, `catalog_id`, `body`, `filename`, `size`, `metadata`, `created_at`, `updated_at`) VALUES ('118', '2', '1', 'Qui illum ea sequi rem iure qui voluptate. Doloremque accusantium occaecati maxime. Aut omnis ut voluptas itaque laboriosam. Aspernatur libero nostrum aut provident.', 'veritatis', 9606760, NULL, '1975-06-16 12:15:32', '2008-07-16 14:51:01');
INSERT INTO `media` (`id`, `media_type_id`, `catalog_id`, `body`, `filename`, `size`, `metadata`, `created_at`, `updated_at`) VALUES ('119', '3', '2', 'Consectetur corporis voluptatem qui ea qui sunt sed. Modi autem quia doloremque est aspernatur perspiciatis. Odio autem sed unde est.', 'et', 7, NULL, '2002-04-15 19:29:59', '1988-05-09 08:36:14');
INSERT INTO `media` (`id`, `media_type_id`, `catalog_id`, `body`, `filename`, `size`, `metadata`, `created_at`, `updated_at`) VALUES ('120', '4', '3', 'Voluptatibus sed ut et blanditiis aut commodi perspiciatis. Qui vel quibusdam praesentium et magnam ea praesentium. Sit atque sequi voluptas omnis ipsum aut. Quasi minus excepturi aut voluptates esse.', 'est', 4464, NULL, '2003-11-26 21:19:15', '1987-12-14 11:12:45');
INSERT INTO `media` (`id`, `media_type_id`, `catalog_id`, `body`, `filename`, `size`, `metadata`, `created_at`, `updated_at`) VALUES ('121', '1', '1', 'Modi natus qui numquam et et. Aut quae incidunt eaque saepe sapiente reprehenderit. Repellat necessitatibus et voluptatem.', 'occaecati', 76016, NULL, '1974-03-31 10:36:13', '1993-11-03 05:50:28');
INSERT INTO `media` (`id`, `media_type_id`, `catalog_id`, `body`, `filename`, `size`, `metadata`, `created_at`, `updated_at`) VALUES ('122', '2', '2', 'Odio voluptas dolorem commodi hic dolorem molestiae dolore laudantium. Aut consectetur assumenda expedita est consectetur quia at sed. Eveniet pariatur eos aut sunt ut at. Iure assumenda odio non natus.', 'id', 304809091, NULL, '1984-10-14 19:21:06', '1983-08-14 18:52:16');
INSERT INTO `media` (`id`, `media_type_id`, `catalog_id`, `body`, `filename`, `size`, `metadata`, `created_at`, `updated_at`) VALUES ('123', '3', '3', 'Sit qui eos omnis quibusdam aut necessitatibus quis. Illum ut accusantium quia. Nesciunt voluptate quidem repellendus illum architecto porro.', 'vitae', 9851, NULL, '1993-02-23 08:47:19', '1979-08-04 08:21:47');
INSERT INTO `media` (`id`, `media_type_id`, `catalog_id`, `body`, `filename`, `size`, `metadata`, `created_at`, `updated_at`) VALUES ('124', '4', '1', 'Et dolores a officiis totam temporibus provident iure. Ea quia omnis neque animi fugit deserunt voluptate. Ullam aut eaque odit quibusdam saepe fugit accusamus.', 'nesciunt', 407, NULL, '1983-12-25 20:07:11', '2005-04-15 01:45:40');
INSERT INTO `media` (`id`, `media_type_id`, `catalog_id`, `body`, `filename`, `size`, `metadata`, `created_at`, `updated_at`) VALUES ('125', '1', '2', 'Et provident esse sint dolores excepturi. Qui beatae distinctio ducimus eaque esse id ipsa. Ut reprehenderit optio voluptas fugit quia beatae.', 'explicabo', 670955, NULL, '2016-10-20 17:04:19', '1976-01-31 16:48:07');
INSERT INTO `media` (`id`, `media_type_id`, `catalog_id`, `body`, `filename`, `size`, `metadata`, `created_at`, `updated_at`) VALUES ('126', '2', '3', 'Occaecati eius fugiat non sunt aliquid beatae et. Non consequatur corporis rerum atque. Dolor cupiditate omnis possimus labore ipsa dolor nulla. Aperiam sequi et repellendus odio maxime.', 'placeat', 1191, NULL, '1982-05-19 02:43:18', '2001-11-06 08:36:25');
INSERT INTO `media` (`id`, `media_type_id`, `catalog_id`, `body`, `filename`, `size`, `metadata`, `created_at`, `updated_at`) VALUES ('127', '3', '1', 'Quaerat perferendis cum ut sapiente. Quo quasi qui velit laboriosam. Dolores quas accusantium amet quasi.', 'veritatis', 66482, NULL, '1989-04-27 20:26:37', '2016-10-26 14:11:04');
INSERT INTO `media` (`id`, `media_type_id`, `catalog_id`, `body`, `filename`, `size`, `metadata`, `created_at`, `updated_at`) VALUES ('128', '4', '2', 'Accusantium quod occaecati ex. Iste et et consequatur odit.', 'quaerat', 8459309, NULL, '2005-02-12 08:52:19', '1988-04-01 23:28:29');
INSERT INTO `media` (`id`, `media_type_id`, `catalog_id`, `body`, `filename`, `size`, `metadata`, `created_at`, `updated_at`) VALUES ('129', '1', '3', 'Aut sint reprehenderit et eum delectus quisquam. Saepe cumque et quis. Quod est quo accusantium sed ex perspiciatis nihil. Similique expedita recusandae doloremque exercitationem dolore.', 'quo', 4, NULL, '1975-02-21 02:36:04', '1996-11-02 02:43:40');
INSERT INTO `media` (`id`, `media_type_id`, `catalog_id`, `body`, `filename`, `size`, `metadata`, `created_at`, `updated_at`) VALUES ('130', '2', '1', 'Amet et modi excepturi aut dolor molestiae est. Vel in est voluptates dolores voluptatem.', 'aut', 9279, NULL, '2005-04-11 21:04:55', '1989-08-29 00:09:50');
INSERT INTO `media` (`id`, `media_type_id`, `catalog_id`, `body`, `filename`, `size`, `metadata`, `created_at`, `updated_at`) VALUES ('131', '3', '2', 'Veritatis ipsam ut sequi voluptatum distinctio dicta. Fugiat non reiciendis maxime repellat vero consequuntur. Dolorum eos tenetur qui placeat repellat eius.', 'vero', 28077568, NULL, '2011-02-22 01:50:31', '1974-10-01 07:35:05');
INSERT INTO `media` (`id`, `media_type_id`, `catalog_id`, `body`, `filename`, `size`, `metadata`, `created_at`, `updated_at`) VALUES ('132', '4', '3', 'Et consequuntur fugiat et omnis. Dolor delectus unde aut.', 'amet', 769273384, NULL, '2006-02-12 12:02:51', '1995-11-13 05:48:08');
INSERT INTO `media` (`id`, `media_type_id`, `catalog_id`, `body`, `filename`, `size`, `metadata`, `created_at`, `updated_at`) VALUES ('133', '1', '1', 'Similique inventore ad laudantium vel illo quia. Dolor culpa cum culpa eligendi. Et enim nemo aut nihil facere praesentium enim illum.', 'placeat', 9529725, NULL, '2016-01-16 11:21:52', '1988-07-09 09:57:35');
INSERT INTO `media` (`id`, `media_type_id`, `catalog_id`, `body`, `filename`, `size`, `metadata`, `created_at`, `updated_at`) VALUES ('134', '2', '2', 'Assumenda nostrum rerum a maxime ut voluptatem. Expedita expedita voluptatem sed sed sit minima. Illo soluta suscipit voluptatem.', 'nisi', 586924, NULL, '2003-03-21 18:00:46', '2009-07-12 23:56:15');
INSERT INTO `media` (`id`, `media_type_id`, `catalog_id`, `body`, `filename`, `size`, `metadata`, `created_at`, `updated_at`) VALUES ('135', '3', '3', 'Dolores laudantium aspernatur qui. Corrupti consequatur accusamus sequi aliquid cupiditate odio. Qui quis at ut ut.', 'tenetur', 708943, NULL, '2012-10-10 19:46:45', '1989-03-25 15:10:53');
INSERT INTO `media` (`id`, `media_type_id`, `catalog_id`, `body`, `filename`, `size`, `metadata`, `created_at`, `updated_at`) VALUES ('136', '4', '1', 'Accusamus reiciendis qui architecto amet dolorum. Velit sequi amet deleniti. Blanditiis perferendis ipsam blanditiis facere qui occaecati sequi. Recusandae nisi voluptatem doloribus dolorem vel id quia adipisci.', 'ea', 35406413, NULL, '1970-01-31 08:16:13', '2002-03-28 09:14:11');
INSERT INTO `media` (`id`, `media_type_id`, `catalog_id`, `body`, `filename`, `size`, `metadata`, `created_at`, `updated_at`) VALUES ('137', '1', '2', 'Dolorem ipsa enim ea. Qui doloribus quidem dignissimos ullam amet adipisci. Incidunt et adipisci ut repudiandae.', 'sint', 6349644, NULL, '2011-01-06 03:05:42', '2021-03-09 07:34:12');
INSERT INTO `media` (`id`, `media_type_id`, `catalog_id`, `body`, `filename`, `size`, `metadata`, `created_at`, `updated_at`) VALUES ('138', '2', '3', 'Debitis vel recusandae molestiae perferendis et perspiciatis. Laboriosam consectetur esse quia. Aut odit aliquam quia distinctio vel assumenda delectus. Commodi et officia accusamus.', 'inventore', 91796, NULL, '2020-01-10 08:23:58', '2012-05-16 08:44:57');
INSERT INTO `media` (`id`, `media_type_id`, `catalog_id`, `body`, `filename`, `size`, `metadata`, `created_at`, `updated_at`) VALUES ('139', '3', '1', 'Molestiae hic provident eum possimus ex. Et et ut nostrum quisquam.', 'officia', 364235, NULL, '1990-06-14 08:11:23', '1987-07-10 15:57:49');
INSERT INTO `media` (`id`, `media_type_id`, `catalog_id`, `body`, `filename`, `size`, `metadata`, `created_at`, `updated_at`) VALUES ('140', '4', '2', 'Iste temporibus error est vel. Distinctio qui ut omnis expedita placeat velit. Qui quam saepe iure rerum aut molestiae est. In officiis sed eligendi doloribus id.', 'aut', 726544377, NULL, '1980-08-07 09:49:55', '1985-08-09 04:19:37');
INSERT INTO `media` (`id`, `media_type_id`, `catalog_id`, `body`, `filename`, `size`, `metadata`, `created_at`, `updated_at`) VALUES ('141', '1', '3', 'Qui quisquam porro similique deserunt sit. Illo non earum sit. Et alias rerum et nulla iusto autem et.', 'et', 3302, NULL, '2021-12-03 19:23:21', '2015-12-15 23:18:30');
INSERT INTO `media` (`id`, `media_type_id`, `catalog_id`, `body`, `filename`, `size`, `metadata`, `created_at`, `updated_at`) VALUES ('142', '2', '1', 'Tempora culpa laborum provident commodi laudantium quis. Perspiciatis perspiciatis placeat modi modi illum. Magni vitae vel odit dolores.', 'quaerat', 216633, NULL, '2014-03-28 23:13:51', '1974-03-19 05:14:04');
INSERT INTO `media` (`id`, `media_type_id`, `catalog_id`, `body`, `filename`, `size`, `metadata`, `created_at`, `updated_at`) VALUES ('143', '3', '2', 'Voluptatem qui fuga minima eos. Reiciendis reiciendis eius aut consequatur iure aspernatur qui nemo. Distinctio ratione corrupti voluptas similique est labore.', 'dolorem', 417227, NULL, '2006-01-07 01:41:01', '1976-10-24 23:06:23');
INSERT INTO `media` (`id`, `media_type_id`, `catalog_id`, `body`, `filename`, `size`, `metadata`, `created_at`, `updated_at`) VALUES ('144', '4', '3', 'Distinctio beatae atque sapiente error ut corporis aut. Neque eligendi architecto ut totam. Adipisci harum assumenda ullam ut vel sit. Molestiae accusantium molestiae numquam officia aut eum non.', 'eius', 208647, NULL, '2001-05-27 22:30:06', '2011-03-18 11:52:03');
INSERT INTO `media` (`id`, `media_type_id`, `catalog_id`, `body`, `filename`, `size`, `metadata`, `created_at`, `updated_at`) VALUES ('145', '1', '1', 'Aliquam voluptates ut cumque aliquam nam. Numquam veniam est et ut.', 'dolore', 5313016, NULL, '2007-11-10 04:47:55', '1987-06-14 14:59:24');
INSERT INTO `media` (`id`, `media_type_id`, `catalog_id`, `body`, `filename`, `size`, `metadata`, `created_at`, `updated_at`) VALUES ('146', '2', '2', 'Optio ut voluptas aperiam suscipit sunt inventore rem. Iste mollitia et sint omnis perferendis. Dicta aut ut eum quod commodi rerum alias.', 'occaecati', 5689, NULL, '1985-08-27 08:43:29', '2016-07-17 23:25:04');
INSERT INTO `media` (`id`, `media_type_id`, `catalog_id`, `body`, `filename`, `size`, `metadata`, `created_at`, `updated_at`) VALUES ('147', '3', '3', 'Nesciunt modi molestiae aut eaque. Nihil asperiores perspiciatis nisi est ut. Veritatis atque voluptatem aut et nemo.', 'quidem', 933, NULL, '1990-02-06 19:45:09', '1974-11-03 15:07:09');
INSERT INTO `media` (`id`, `media_type_id`, `catalog_id`, `body`, `filename`, `size`, `metadata`, `created_at`, `updated_at`) VALUES ('148', '4', '1', 'Vitae amet animi reprehenderit cum minima at debitis enim. Doloremque vitae veniam qui exercitationem. Ad numquam temporibus consequatur deserunt ullam iure aperiam.', 'quas', 4133585, NULL, '2019-07-01 01:40:01', '1990-03-24 23:24:59');
INSERT INTO `media` (`id`, `media_type_id`, `catalog_id`, `body`, `filename`, `size`, `metadata`, `created_at`, `updated_at`) VALUES ('149', '1', '2', 'Dolorem officiis sit quibusdam iusto. Dolorum eos iusto illum praesentium omnis.', 'assumenda', 914, NULL, '1976-12-18 02:50:12', '1973-08-07 21:47:29');
INSERT INTO `media` (`id`, `media_type_id`, `catalog_id`, `body`, `filename`, `size`, `metadata`, `created_at`, `updated_at`) VALUES ('150', '2', '3', 'Est iure placeat sunt iusto fugiat distinctio magni. Sit autem quibusdam odio reprehenderit et magni. Enim harum molestias omnis ipsa molestiae labore omnis.', 'perferendis', 57164, NULL, '2007-08-05 02:32:46', '2014-08-07 00:48:41');
INSERT INTO `media` (`id`, `media_type_id`, `catalog_id`, `body`, `filename`, `size`, `metadata`, `created_at`, `updated_at`) VALUES ('151', '3', '1', 'Illum debitis laboriosam enim aut aperiam omnis. Eum molestiae vel cumque et facere. Architecto eos et et cumque repellat quibusdam saepe reiciendis. Est in dolorum cum sit recusandae minima expedita.', 'et', 4, NULL, '2020-05-14 09:42:07', '2005-03-20 13:26:30');
INSERT INTO `media` (`id`, `media_type_id`, `catalog_id`, `body`, `filename`, `size`, `metadata`, `created_at`, `updated_at`) VALUES ('152', '4', '2', 'Vel et minus iusto enim velit itaque expedita. Eligendi dolor pariatur impedit voluptatum molestiae et in ex.', 'modi', 132371722, NULL, '1984-08-04 19:47:11', '2011-03-24 19:46:12');
INSERT INTO `media` (`id`, `media_type_id`, `catalog_id`, `body`, `filename`, `size`, `metadata`, `created_at`, `updated_at`) VALUES ('153', '1', '3', 'Sint dolor dolores labore est est ut tenetur. Vero mollitia quas consectetur blanditiis. Consequatur perferendis architecto ipsa et ut qui.', 'aut', 16176, NULL, '1987-06-11 10:16:22', '2015-01-03 10:54:06');
INSERT INTO `media` (`id`, `media_type_id`, `catalog_id`, `body`, `filename`, `size`, `metadata`, `created_at`, `updated_at`) VALUES ('154', '2', '1', 'Hic sint vero nulla debitis. Ipsum autem dolorem commodi est in. Voluptas velit explicabo maxime ut quod dolores nostrum. Iste mollitia qui nisi enim labore rem aut.', 'ab', 51865356, NULL, '1990-08-18 16:59:38', '1991-08-29 16:36:09');
INSERT INTO `media` (`id`, `media_type_id`, `catalog_id`, `body`, `filename`, `size`, `metadata`, `created_at`, `updated_at`) VALUES ('155', '3', '2', 'Eveniet error quam odio iusto unde. Fuga necessitatibus minima maiores dolorem quis porro consequuntur enim. Quisquam quo laboriosam non delectus et alias. Consequuntur voluptatem et laboriosam adipisci.', 'fugit', 54747, NULL, '2006-01-27 09:36:17', '2010-10-13 12:17:08');
INSERT INTO `media` (`id`, `media_type_id`, `catalog_id`, `body`, `filename`, `size`, `metadata`, `created_at`, `updated_at`) VALUES ('156', '4', '3', 'Explicabo non provident consequatur et voluptas sequi saepe et. Eaque modi nisi quia ad facere earum quos. Atque qui non est consequatur.', 'quisquam', 731340013, NULL, '2020-01-24 23:52:21', '2021-04-21 10:04:41');
INSERT INTO `media` (`id`, `media_type_id`, `catalog_id`, `body`, `filename`, `size`, `metadata`, `created_at`, `updated_at`) VALUES ('157', '1', '1', 'Ducimus deleniti quasi tenetur et sit eaque. Quas placeat rem reprehenderit porro. In est veritatis ea iusto aut pariatur quibusdam. Quia aut molestiae fugiat. Eos aspernatur ea labore consectetur iure.', 'aut', 96, NULL, '1974-10-23 08:22:54', '2006-04-30 05:51:44');
INSERT INTO `media` (`id`, `media_type_id`, `catalog_id`, `body`, `filename`, `size`, `metadata`, `created_at`, `updated_at`) VALUES ('158', '2', '2', 'Nostrum quis illum qui explicabo optio at hic. Velit porro omnis quia dolorem voluptate non dolorum molestiae. At dolores nostrum corporis. Velit odio occaecati officia qui alias corporis explicabo.', 'optio', 283, NULL, '2016-06-26 15:40:18', '2019-08-23 01:41:26');
INSERT INTO `media` (`id`, `media_type_id`, `catalog_id`, `body`, `filename`, `size`, `metadata`, `created_at`, `updated_at`) VALUES ('159', '3', '3', 'Soluta non est voluptates quis est modi iure corrupti. Maxime fugiat nemo minima nesciunt ut molestiae. Deserunt iure mollitia vel accusantium qui nihil dolor. Eos assumenda a dolorem sed atque est corporis architecto.', 'et', 0, NULL, '1982-08-24 16:48:33', '1971-01-08 22:14:25');
INSERT INTO `media` (`id`, `media_type_id`, `catalog_id`, `body`, `filename`, `size`, `metadata`, `created_at`, `updated_at`) VALUES ('160', '4', '1', 'Ipsum officiis illo aliquid quas quidem et. At autem dolorum mollitia enim sunt dolorem. Ut recusandae perspiciatis et sed quia. Asperiores et tempore dolore illo minima.', 'totam', 6, NULL, '2009-04-03 12:36:05', '2000-08-23 22:09:51');
INSERT INTO `media` (`id`, `media_type_id`, `catalog_id`, `body`, `filename`, `size`, `metadata`, `created_at`, `updated_at`) VALUES ('161', '1', '2', 'Iusto qui ea non et dolorum. Et sed quisquam assumenda officiis. Rerum adipisci animi at consectetur corporis.', 'at', 0, NULL, '1985-07-18 01:33:04', '1990-08-03 04:40:38');
INSERT INTO `media` (`id`, `media_type_id`, `catalog_id`, `body`, `filename`, `size`, `metadata`, `created_at`, `updated_at`) VALUES ('162', '2', '3', 'Laborum quis recusandae ut dolor temporibus est. Sequi repellat et iusto sunt natus. Corrupti a est iste iste. Nihil corporis quae omnis cumque laboriosam.', 'consequatur', 5, NULL, '1974-01-21 15:09:39', '2018-10-09 08:23:54');
INSERT INTO `media` (`id`, `media_type_id`, `catalog_id`, `body`, `filename`, `size`, `metadata`, `created_at`, `updated_at`) VALUES ('163', '3', '1', 'Omnis commodi qui pariatur consequuntur blanditiis porro. Ab veritatis et deleniti ipsam. Sed aut excepturi tempore sit odio consequatur. Nulla itaque eum quia esse laboriosam qui eligendi.', 'voluptate', 456, NULL, '2008-02-11 07:57:35', '2000-11-15 10:27:41');
INSERT INTO `media` (`id`, `media_type_id`, `catalog_id`, `body`, `filename`, `size`, `metadata`, `created_at`, `updated_at`) VALUES ('164', '4', '2', 'Nihil sit beatae blanditiis aliquid. Optio tenetur cupiditate hic ut saepe aut exercitationem tempora. Libero sint eius eos sunt amet id similique. Dignissimos fuga maiores ut voluptatibus quo vitae dolorem.', 'nostrum', 545166531, NULL, '2003-06-17 23:15:27', '1977-12-05 02:46:24');
INSERT INTO `media` (`id`, `media_type_id`, `catalog_id`, `body`, `filename`, `size`, `metadata`, `created_at`, `updated_at`) VALUES ('165', '1', '3', 'Quia illum tenetur pariatur sit. Qui nihil veniam sit commodi harum asperiores animi architecto. Consequatur temporibus dolores ut asperiores nihil rerum nihil. Fugit ut quas aut sequi id maxime. Beatae corporis non nihil aut cumque occaecati aspernatur sunt.', 'est', 0, NULL, '1988-02-26 01:30:13', '1973-06-16 09:35:14');
INSERT INTO `media` (`id`, `media_type_id`, `catalog_id`, `body`, `filename`, `size`, `metadata`, `created_at`, `updated_at`) VALUES ('166', '2', '1', 'Qui quis veritatis dolore aut nihil temporibus. Consequatur sed illum ex architecto. Sit ducimus quisquam recusandae rerum rerum harum.', 'aliquid', 436424, NULL, '1986-09-08 09:45:46', '2015-06-06 16:25:08');
INSERT INTO `media` (`id`, `media_type_id`, `catalog_id`, `body`, `filename`, `size`, `metadata`, `created_at`, `updated_at`) VALUES ('167', '3', '2', 'Quia cum adipisci hic est praesentium aut sunt. Debitis ut vel et explicabo iste earum sed.', 'quasi', 789590649, NULL, '2008-12-27 19:38:16', '1971-09-16 06:26:46');
INSERT INTO `media` (`id`, `media_type_id`, `catalog_id`, `body`, `filename`, `size`, `metadata`, `created_at`, `updated_at`) VALUES ('168', '4', '3', 'Voluptatem quaerat incidunt adipisci dolorem. Velit perferendis aut et ex a perferendis placeat.', 'excepturi', 1926, NULL, '2014-01-01 03:27:18', '1997-12-27 22:12:10');
INSERT INTO `media` (`id`, `media_type_id`, `catalog_id`, `body`, `filename`, `size`, `metadata`, `created_at`, `updated_at`) VALUES ('169', '1', '1', 'Illo impedit quae aut est ducimus quia corrupti dolorem. Commodi aut quibusdam eum impedit libero voluptatum vero.', 'blanditiis', 5983, NULL, '1983-08-24 05:09:24', '1993-02-22 15:32:18');
INSERT INTO `media` (`id`, `media_type_id`, `catalog_id`, `body`, `filename`, `size`, `metadata`, `created_at`, `updated_at`) VALUES ('170', '2', '2', 'Consequuntur labore praesentium eos impedit voluptatum tempore quos. Tempore qui sequi ipsa nulla nulla veniam odio. Officiis similique consequuntur sed qui est dolor.', 'ut', 0, NULL, '2016-09-16 23:28:32', '2008-10-26 21:41:35');
INSERT INTO `media` (`id`, `media_type_id`, `catalog_id`, `body`, `filename`, `size`, `metadata`, `created_at`, `updated_at`) VALUES ('171', '3', '3', 'Est dolorum architecto consequatur excepturi. Neque et eius ad a beatae sed provident. Iste fugiat fuga aliquid asperiores cum molestiae sit. Necessitatibus voluptatem voluptatem blanditiis in architecto in sit.', 'doloremque', 211990411, NULL, '1993-01-09 00:32:38', '2009-06-16 21:28:34');
INSERT INTO `media` (`id`, `media_type_id`, `catalog_id`, `body`, `filename`, `size`, `metadata`, `created_at`, `updated_at`) VALUES ('172', '4', '1', 'Officia temporibus est ullam facilis. Nisi dolorum nesciunt cupiditate. Laudantium sit consequatur doloribus quos quaerat qui in. Sit tenetur cum maiores quia.', 'ab', 5, NULL, '1978-12-22 20:14:31', '1995-10-28 00:21:00');
INSERT INTO `media` (`id`, `media_type_id`, `catalog_id`, `body`, `filename`, `size`, `metadata`, `created_at`, `updated_at`) VALUES ('173', '1', '2', 'Et nesciunt impedit corporis alias. Error omnis necessitatibus harum modi odio earum. Sed dolorem ducimus qui totam. Voluptate soluta fuga neque omnis voluptas fugit deserunt.', 'laboriosam', 27069714, NULL, '1983-05-11 21:54:21', '1982-03-24 06:34:58');
INSERT INTO `media` (`id`, `media_type_id`, `catalog_id`, `body`, `filename`, `size`, `metadata`, `created_at`, `updated_at`) VALUES ('174', '2', '3', 'Et voluptatem corporis quis qui nihil nam aut. Tempore culpa et aut doloremque voluptatem in minima aspernatur. Sint quo et ut ea voluptatum sunt neque. Quasi est asperiores repudiandae nobis placeat unde consequatur.', 'ipsum', 0, NULL, '2015-05-26 22:54:54', '1998-04-18 17:42:40');
INSERT INTO `media` (`id`, `media_type_id`, `catalog_id`, `body`, `filename`, `size`, `metadata`, `created_at`, `updated_at`) VALUES ('175', '3', '1', 'Quis qui occaecati provident. Ipsa mollitia accusantium eos exercitationem qui perspiciatis. Quia doloremque vitae nihil architecto ut esse error.', 'vel', 922005217, NULL, '1981-11-07 13:20:01', '1981-08-28 05:31:08');
INSERT INTO `media` (`id`, `media_type_id`, `catalog_id`, `body`, `filename`, `size`, `metadata`, `created_at`, `updated_at`) VALUES ('176', '4', '2', 'Ea explicabo est earum harum aut tenetur. Fuga eos consequuntur commodi rerum doloremque illum esse. Exercitationem rem laudantium sit nobis soluta dolores. Maiores inventore nostrum tempora dolore cum sint.', 'voluptatem', 9519872, NULL, '2020-03-30 11:49:47', '1972-12-13 05:12:40');
INSERT INTO `media` (`id`, `media_type_id`, `catalog_id`, `body`, `filename`, `size`, `metadata`, `created_at`, `updated_at`) VALUES ('177', '1', '3', 'Officiis voluptate voluptas qui repudiandae libero incidunt. Iusto autem distinctio sed et quia est. Quo qui inventore quia. Magnam qui aspernatur accusantium debitis officiis. Sed tenetur ad officiis.', 'sunt', 4043, NULL, '2016-11-10 07:56:14', '1975-04-26 03:46:51');
INSERT INTO `media` (`id`, `media_type_id`, `catalog_id`, `body`, `filename`, `size`, `metadata`, `created_at`, `updated_at`) VALUES ('178', '2', '1', 'Tempora nihil dolores sunt quidem animi. Nisi aut autem deleniti debitis. Aspernatur nemo sit esse eveniet. Sit nostrum qui rerum similique accusamus quae possimus.', 'voluptatem', 916720637, NULL, '2015-10-10 02:54:17', '1997-11-25 15:34:49');
INSERT INTO `media` (`id`, `media_type_id`, `catalog_id`, `body`, `filename`, `size`, `metadata`, `created_at`, `updated_at`) VALUES ('179', '3', '2', 'Deleniti eum explicabo aut nam quos. Nobis iste nobis dolorem tempora omnis. Amet vero doloribus atque vel labore in porro consequatur.', 'voluptatem', 5296027, NULL, '1978-03-30 07:02:43', '2001-10-23 23:07:51');
INSERT INTO `media` (`id`, `media_type_id`, `catalog_id`, `body`, `filename`, `size`, `metadata`, `created_at`, `updated_at`) VALUES ('180', '4', '3', 'Non molestiae aspernatur velit cumque quis porro perspiciatis. Ex quisquam ducimus id voluptas repudiandae iusto. Iure sapiente aut repellat consequatur ullam qui dolor laudantium. Et eligendi vitae omnis delectus eum.', 'sit', 886, NULL, '2005-07-03 20:12:45', '1977-03-29 06:52:19');
INSERT INTO `media` (`id`, `media_type_id`, `catalog_id`, `body`, `filename`, `size`, `metadata`, `created_at`, `updated_at`) VALUES ('181', '1', '1', 'Ut similique voluptas iure ad repellendus. Eum molestias aut et consequatur occaecati. Quia veniam ut nihil accusantium quos. Atque corporis sed dolorum vel similique quibusdam debitis.', 'voluptates', 698544757, NULL, '1972-07-28 09:05:39', '2021-01-05 08:42:17');
INSERT INTO `media` (`id`, `media_type_id`, `catalog_id`, `body`, `filename`, `size`, `metadata`, `created_at`, `updated_at`) VALUES ('182', '2', '2', 'Nisi aut illum alias aut voluptatem. Placeat quae id recusandae necessitatibus unde ut. Labore temporibus officiis tempore est quaerat voluptas.', 'iure', 56194681, NULL, '1991-12-02 23:51:53', '2006-07-07 08:54:29');
INSERT INTO `media` (`id`, `media_type_id`, `catalog_id`, `body`, `filename`, `size`, `metadata`, `created_at`, `updated_at`) VALUES ('183', '3', '3', 'Laboriosam reprehenderit aut consequatur laborum voluptas ut. Molestiae quia voluptatem voluptatum iste eum amet et. Vel quae accusamus consequuntur reiciendis omnis provident fugiat. Accusamus quod eveniet qui iusto illo sed.', 'nihil', 639937665, NULL, '1985-07-12 12:12:36', '2015-01-24 22:10:46');
INSERT INTO `media` (`id`, `media_type_id`, `catalog_id`, `body`, `filename`, `size`, `metadata`, `created_at`, `updated_at`) VALUES ('184', '4', '1', 'Iure ut sed non perspiciatis tempore. Mollitia suscipit dolorem rerum sit quasi. Neque repellat provident illum saepe aut. Ipsa aut ullam qui nesciunt et.', 'et', 592060398, NULL, '1977-03-30 08:13:37', '1999-06-04 08:05:51');
INSERT INTO `media` (`id`, `media_type_id`, `catalog_id`, `body`, `filename`, `size`, `metadata`, `created_at`, `updated_at`) VALUES ('185', '1', '2', 'Ab et aut quae qui. Sed nihil eius et iste aut inventore sed. Dolorum eum a possimus aliquam et eos quas est. Sed a accusamus sint rerum dolores eligendi nam.', 'corrupti', 809, NULL, '2006-06-02 16:11:06', '1976-04-22 07:53:34');
INSERT INTO `media` (`id`, `media_type_id`, `catalog_id`, `body`, `filename`, `size`, `metadata`, `created_at`, `updated_at`) VALUES ('186', '2', '3', 'Eos voluptatem sequi voluptatem expedita voluptatem et. Facilis et vitae tempore. Ducimus doloremque eum esse dolor.', 'ex', 0, NULL, '2014-01-03 03:46:35', '1991-08-15 04:07:09');
INSERT INTO `media` (`id`, `media_type_id`, `catalog_id`, `body`, `filename`, `size`, `metadata`, `created_at`, `updated_at`) VALUES ('187', '3', '1', 'Libero repudiandae aut ipsum reiciendis labore. A qui a qui et accusantium.', 'molestias', 0, NULL, '1977-11-25 01:59:04', '1982-11-19 10:32:41');
INSERT INTO `media` (`id`, `media_type_id`, `catalog_id`, `body`, `filename`, `size`, `metadata`, `created_at`, `updated_at`) VALUES ('188', '4', '2', 'Repellat nulla ut libero quia laboriosam voluptas incidunt. Veritatis quam quaerat consequatur neque eum. Ut sit reprehenderit et recusandae corrupti atque.', 'in', 5118, NULL, '2000-05-05 10:15:11', '2011-07-06 06:13:13');
INSERT INTO `media` (`id`, `media_type_id`, `catalog_id`, `body`, `filename`, `size`, `metadata`, `created_at`, `updated_at`) VALUES ('189', '1', '3', 'Sed architecto aut omnis commodi ut laboriosam unde. Harum eum necessitatibus ullam molestiae. Repellat quis sit facilis fugiat mollitia dignissimos rerum. Est placeat cumque quae optio.', 'voluptatem', 33435717, NULL, '2018-04-03 16:07:02', '2014-04-22 10:04:36');
INSERT INTO `media` (`id`, `media_type_id`, `catalog_id`, `body`, `filename`, `size`, `metadata`, `created_at`, `updated_at`) VALUES ('190', '2', '1', 'Sit explicabo debitis enim. Illum cumque molestiae maxime qui.', 'minima', 66762, NULL, '1985-11-01 16:04:40', '2011-07-18 18:00:26');
INSERT INTO `media` (`id`, `media_type_id`, `catalog_id`, `body`, `filename`, `size`, `metadata`, `created_at`, `updated_at`) VALUES ('191', '3', '2', 'Enim eos eum veniam et quis omnis. Id eveniet et totam aut libero tenetur magnam. Deleniti sint enim est. Veniam quia dolor enim culpa.', 'consequatur', 0, NULL, '1985-02-03 21:04:15', '1998-05-18 00:08:05');
INSERT INTO `media` (`id`, `media_type_id`, `catalog_id`, `body`, `filename`, `size`, `metadata`, `created_at`, `updated_at`) VALUES ('192', '4', '3', 'Amet blanditiis et eum occaecati ipsam minus eligendi unde. Ut dicta alias laboriosam et earum. Sequi provident facilis et iusto. Vel aperiam quo modi ea repellat sit.', 'animi', 989, NULL, '1994-10-07 19:28:18', '2005-01-06 11:25:40');
INSERT INTO `media` (`id`, `media_type_id`, `catalog_id`, `body`, `filename`, `size`, `metadata`, `created_at`, `updated_at`) VALUES ('193', '1', '1', 'Et dolor voluptas eveniet placeat temporibus voluptatum sunt voluptatem. Doloribus voluptatem dicta quisquam repudiandae rerum explicabo neque. Qui et eum delectus sequi consequatur est sapiente et. Vel nisi voluptas dolor autem enim accusamus.', 'delectus', 215, NULL, '1979-01-20 05:55:31', '2008-10-04 02:26:22');
INSERT INTO `media` (`id`, `media_type_id`, `catalog_id`, `body`, `filename`, `size`, `metadata`, `created_at`, `updated_at`) VALUES ('194', '2', '2', 'Culpa vitae est dolorem aliquid. Tenetur libero esse consequatur voluptas quas deserunt minus. Nemo assumenda officiis quas accusantium.', 'ipsum', 856, NULL, '2002-12-08 16:11:53', '2017-12-12 20:29:58');
INSERT INTO `media` (`id`, `media_type_id`, `catalog_id`, `body`, `filename`, `size`, `metadata`, `created_at`, `updated_at`) VALUES ('195', '3', '3', 'Rem nam cupiditate ut voluptatem. Nemo delectus consequuntur accusamus eum. Non voluptatem ut qui illo id error.', 'nobis', 39947685, NULL, '1985-04-23 22:30:02', '2018-06-11 06:07:36');
INSERT INTO `media` (`id`, `media_type_id`, `catalog_id`, `body`, `filename`, `size`, `metadata`, `created_at`, `updated_at`) VALUES ('196', '4', '1', 'Dolor adipisci quasi tenetur. Sed iusto voluptas officiis aliquam ipsa quia qui. Placeat repellendus sint id quia sint amet laudantium.', 'omnis', 0, NULL, '1999-09-14 17:39:01', '2006-02-27 16:53:40');
INSERT INTO `media` (`id`, `media_type_id`, `catalog_id`, `body`, `filename`, `size`, `metadata`, `created_at`, `updated_at`) VALUES ('197', '1', '2', 'Sed aspernatur molestiae illo dolorem aut. Quae et ut doloribus et quis animi. Qui necessitatibus dolores nesciunt dolor. Blanditiis quia velit facere voluptas.', 'velit', 6571035, NULL, '2003-02-28 15:42:39', '1994-02-10 00:51:12');
INSERT INTO `media` (`id`, `media_type_id`, `catalog_id`, `body`, `filename`, `size`, `metadata`, `created_at`, `updated_at`) VALUES ('198', '2', '3', 'Sit vel est neque dolor. Eos libero consequuntur culpa laboriosam repudiandae dolorem possimus minus. Aut facilis esse illum eum modi debitis. Sunt nostrum et quas sint aliquid magnam natus. Corrupti quas tempore nisi voluptatum non.', 'consequatur', 875, NULL, '2005-01-06 09:31:59', '1990-08-13 16:16:09');
INSERT INTO `media` (`id`, `media_type_id`, `catalog_id`, `body`, `filename`, `size`, `metadata`, `created_at`, `updated_at`) VALUES ('199', '3', '1', 'Corporis consequatur vitae eum incidunt qui. Perferendis suscipit quia ut. Libero facere quasi non cumque culpa aliquam. Modi et porro dignissimos nisi.', 'ullam', 973, NULL, '2015-10-04 07:41:47', '1982-03-14 05:14:54');
INSERT INTO `media` (`id`, `media_type_id`, `catalog_id`, `body`, `filename`, `size`, `metadata`, `created_at`, `updated_at`) VALUES ('200', '4', '2', 'Veritatis recusandae quisquam voluptas optio iusto. Sed et maxime delectus rerum qui. Excepturi nobis sed dolores rerum enim.', 'voluptates', 50137946, NULL, '2004-04-16 00:09:44', '2018-02-24 22:33:47');
INSERT INTO `media` (`id`, `media_type_id`, `catalog_id`, `body`, `filename`, `size`, `metadata`, `created_at`, `updated_at`) VALUES ('201', '1', '3', 'Dolor et molestiae commodi. Voluptas cum ut quae et minus illo. Et sunt beatae veniam adipisci in nam.', 'sint', 777575210, NULL, '1997-04-07 04:00:18', '2013-08-13 14:39:34');
INSERT INTO `media` (`id`, `media_type_id`, `catalog_id`, `body`, `filename`, `size`, `metadata`, `created_at`, `updated_at`) VALUES ('202', '2', '1', 'Quis illum unde et voluptatem quis nihil. Aut voluptates vero cupiditate. Itaque sunt nesciunt eos minima aut voluptates culpa.', 'non', 96, NULL, '2011-01-17 04:37:33', '1987-12-31 01:03:53');
INSERT INTO `media` (`id`, `media_type_id`, `catalog_id`, `body`, `filename`, `size`, `metadata`, `created_at`, `updated_at`) VALUES ('203', '3', '2', 'Suscipit nulla repellendus et. Eos voluptatem expedita omnis odit atque perspiciatis pariatur culpa. Iusto ut vero ipsam impedit dicta. Suscipit blanditiis veritatis est.', 'est', 2555, NULL, '2000-02-26 07:19:25', '1990-02-25 23:20:28');
INSERT INTO `media` (`id`, `media_type_id`, `catalog_id`, `body`, `filename`, `size`, `metadata`, `created_at`, `updated_at`) VALUES ('204', '4', '3', 'Et voluptatem maiores necessitatibus vitae eveniet occaecati. Voluptatem dolorum officia odio ab eos et aut. Consectetur non omnis dolore est.', 'facilis', 6875945, NULL, '1997-01-26 23:50:12', '2017-08-09 19:46:26');
INSERT INTO `media` (`id`, `media_type_id`, `catalog_id`, `body`, `filename`, `size`, `metadata`, `created_at`, `updated_at`) VALUES ('205', '1', '1', 'Sit natus sit rerum. Nostrum illum blanditiis cumque doloremque est vel. Saepe vel aperiam magnam veniam harum vel ut. Accusamus distinctio eveniet sit est.', 'quia', 620841406, NULL, '1971-06-18 18:30:52', '2004-02-15 21:39:55');
INSERT INTO `media` (`id`, `media_type_id`, `catalog_id`, `body`, `filename`, `size`, `metadata`, `created_at`, `updated_at`) VALUES ('206', '2', '2', 'Nisi delectus vero architecto optio ratione. Et voluptatem et a deserunt delectus accusantium. Numquam minima sed aut voluptas.', 'voluptatibus', 40853509, NULL, '2021-06-14 04:04:31', '1984-06-15 06:55:11');
INSERT INTO `media` (`id`, `media_type_id`, `catalog_id`, `body`, `filename`, `size`, `metadata`, `created_at`, `updated_at`) VALUES ('207', '3', '3', 'Eius quaerat non nihil quo eligendi et illum. Culpa rem quos qui necessitatibus laudantium porro consequatur. Sit sed non impedit ex minima.', 'iusto', 55236849, NULL, '1986-11-06 00:53:53', '1980-08-06 21:00:28');
INSERT INTO `media` (`id`, `media_type_id`, `catalog_id`, `body`, `filename`, `size`, `metadata`, `created_at`, `updated_at`) VALUES ('208', '4', '1', 'Illum quam ut quisquam recusandae alias et. Rem cumque tempora quae placeat non. Rerum sint sapiente quod repellendus accusamus. Nihil quis quis quo repellendus. Reprehenderit et perspiciatis molestiae est dicta.', 'sint', 654, NULL, '1991-08-06 22:11:42', '1991-11-10 04:23:22');
INSERT INTO `media` (`id`, `media_type_id`, `catalog_id`, `body`, `filename`, `size`, `metadata`, `created_at`, `updated_at`) VALUES ('209', '1', '2', 'Dolorem provident sunt cum omnis consequatur. Deserunt exercitationem molestias et voluptas nesciunt modi sint. Ipsum ut reiciendis aut cumque doloribus sed accusamus.', 'facere', 3, NULL, '2000-02-16 02:15:44', '2009-09-22 12:26:24');
INSERT INTO `media` (`id`, `media_type_id`, `catalog_id`, `body`, `filename`, `size`, `metadata`, `created_at`, `updated_at`) VALUES ('210', '2', '3', 'Dolores illum minima delectus. Quis quia quia expedita et praesentium assumenda. Officia voluptatum voluptate cupiditate occaecati ut. Dolorem aut non corrupti deserunt dolores vel in. Ut officia voluptatem veniam asperiores consequuntur expedita.', 'nemo', 17, NULL, '2020-06-02 07:06:14', '1979-07-23 13:56:37');
INSERT INTO `media` (`id`, `media_type_id`, `catalog_id`, `body`, `filename`, `size`, `metadata`, `created_at`, `updated_at`) VALUES ('211', '3', '1', 'Vero minima sit blanditiis ipsam sint quidem. Vero eius non dignissimos beatae. A quo quasi sunt consequatur. Consequuntur enim quasi velit a nesciunt.', 'error', 888, NULL, '1997-11-08 08:44:04', '2020-11-01 00:17:51');
INSERT INTO `media` (`id`, `media_type_id`, `catalog_id`, `body`, `filename`, `size`, `metadata`, `created_at`, `updated_at`) VALUES ('212', '4', '2', 'Est non qui ut vero nulla. Rerum quos expedita reprehenderit quisquam optio atque. Ipsum accusamus nulla sunt enim.', 'nostrum', 75715735, NULL, '1978-06-26 11:17:32', '1986-04-18 02:34:23');
INSERT INTO `media` (`id`, `media_type_id`, `catalog_id`, `body`, `filename`, `size`, `metadata`, `created_at`, `updated_at`) VALUES ('213', '1', '3', 'Facere quam vel autem est iure et. Beatae veniam in qui eius perferendis voluptate impedit. Consequuntur beatae sit eos nisi unde inventore. Ipsum debitis cupiditate debitis neque tempore nobis qui.', 'eveniet', 12416025, NULL, '2021-06-17 09:56:42', '1985-05-03 09:58:44');
INSERT INTO `media` (`id`, `media_type_id`, `catalog_id`, `body`, `filename`, `size`, `metadata`, `created_at`, `updated_at`) VALUES ('214', '2', '1', 'Rerum dignissimos reprehenderit dolores vel. At nobis at blanditiis. Sunt eaque voluptas est sed consectetur. Et eum qui dolorum maxime dolorem praesentium.', 'et', 3527, NULL, '2010-08-21 06:38:03', '2016-06-05 15:18:15');
INSERT INTO `media` (`id`, `media_type_id`, `catalog_id`, `body`, `filename`, `size`, `metadata`, `created_at`, `updated_at`) VALUES ('215', '3', '2', 'Eum sit in qui dignissimos quos distinctio culpa. Non illo praesentium qui veritatis. Magnam in quis ipsum iste necessitatibus et cumque. Sed repellendus eius ut delectus quia quis.', 'laborum', 5915, NULL, '2018-01-07 22:35:10', '1995-02-20 20:33:37');
INSERT INTO `media` (`id`, `media_type_id`, `catalog_id`, `body`, `filename`, `size`, `metadata`, `created_at`, `updated_at`) VALUES ('216', '4', '3', 'Ipsam sunt aliquam quia rerum dolores est. Fugiat rem ipsam hic doloremque exercitationem. Eos sit aperiam aut et.', 'eos', 1, NULL, '2005-05-26 09:57:24', '2009-02-10 15:35:52');
INSERT INTO `media` (`id`, `media_type_id`, `catalog_id`, `body`, `filename`, `size`, `metadata`, `created_at`, `updated_at`) VALUES ('217', '1', '1', 'Modi voluptatem laboriosam et id. Consectetur illum perferendis quibusdam ipsam. Qui fugit harum tempore consectetur laboriosam sit.', 'rerum', 253193, NULL, '1995-09-24 11:19:30', '1979-06-14 05:50:07');
INSERT INTO `media` (`id`, `media_type_id`, `catalog_id`, `body`, `filename`, `size`, `metadata`, `created_at`, `updated_at`) VALUES ('218', '2', '2', 'Quibusdam ullam alias repellendus consequuntur quas reiciendis. Ut enim id sapiente odio sit mollitia vel. Sapiente velit et expedita accusantium ut.', 'itaque', 998788, NULL, '1972-03-30 13:14:46', '1987-06-10 13:52:33');
INSERT INTO `media` (`id`, `media_type_id`, `catalog_id`, `body`, `filename`, `size`, `metadata`, `created_at`, `updated_at`) VALUES ('219', '3', '3', 'Maxime molestias quaerat eaque modi. Ipsam veniam et occaecati et laborum et. Veniam animi voluptatibus dolores officiis itaque.', 'quod', 87, NULL, '1999-06-24 03:36:23', '1996-05-09 01:41:24');
INSERT INTO `media` (`id`, `media_type_id`, `catalog_id`, `body`, `filename`, `size`, `metadata`, `created_at`, `updated_at`) VALUES ('220', '4', '1', 'Consequuntur odio nesciunt cupiditate nemo quaerat. Nihil numquam quas et molestiae et soluta. Ex quidem perferendis est voluptatem dolorum nemo reprehenderit doloremque. Atque possimus quia dicta voluptatum.', 'neque', 34, NULL, '2006-03-06 13:44:43', '1976-10-23 13:59:16');
INSERT INTO `media` (`id`, `media_type_id`, `catalog_id`, `body`, `filename`, `size`, `metadata`, `created_at`, `updated_at`) VALUES ('221', '1', '2', 'Blanditiis sed reprehenderit et libero pariatur numquam aut vitae. Officia ut suscipit blanditiis pariatur consectetur voluptate. Quis voluptatem natus consequatur quis assumenda quis quo. Dolor quidem illo molestias ipsum aut dolores voluptatem.', 'repellat', 8, NULL, '2016-11-24 15:33:05', '1985-09-30 20:34:20');
INSERT INTO `media` (`id`, `media_type_id`, `catalog_id`, `body`, `filename`, `size`, `metadata`, `created_at`, `updated_at`) VALUES ('222', '2', '3', 'Iusto odio consequatur eaque. Commodi et consequatur aspernatur perferendis molestias et iusto. Impedit culpa vel doloremque fugit praesentium. Sunt sed quos incidunt placeat. Nemo saepe ut cum porro.', 'tempora', 49, NULL, '2019-06-14 05:48:37', '1987-07-28 05:38:30');
INSERT INTO `media` (`id`, `media_type_id`, `catalog_id`, `body`, `filename`, `size`, `metadata`, `created_at`, `updated_at`) VALUES ('223', '3', '1', 'Enim cum architecto quibusdam eius. Voluptatum ut iste rem accusamus quis provident voluptates. Ad qui omnis aut recusandae voluptatum.', 'quia', 0, NULL, '2013-07-21 16:24:31', '1971-06-25 10:29:21');
INSERT INTO `media` (`id`, `media_type_id`, `catalog_id`, `body`, `filename`, `size`, `metadata`, `created_at`, `updated_at`) VALUES ('224', '4', '2', 'Facere velit dolorem aut perspiciatis quaerat. Repudiandae quaerat rerum vel autem atque aut. Laboriosam quo voluptatem tenetur. In omnis sint perferendis dolor dolore.', 'fuga', 1330, NULL, '1989-10-15 11:16:31', '1978-01-07 08:55:11');
INSERT INTO `media` (`id`, `media_type_id`, `catalog_id`, `body`, `filename`, `size`, `metadata`, `created_at`, `updated_at`) VALUES ('225', '1', '3', 'Nemo omnis dolor qui eos quis. Libero rerum non ab amet voluptatem. Beatae quia mollitia nisi velit doloribus beatae.', 'praesentium', 85, NULL, '1991-12-08 14:28:58', '2019-09-21 05:49:26');
INSERT INTO `media` (`id`, `media_type_id`, `catalog_id`, `body`, `filename`, `size`, `metadata`, `created_at`, `updated_at`) VALUES ('226', '2', '1', 'Repudiandae recusandae dolorem ut perspiciatis amet voluptatem dolor iste. Atque hic ad delectus deserunt doloribus architecto mollitia. Magnam eos fugiat atque et.', 'autem', 842793774, NULL, '2017-10-08 21:43:36', '1982-02-12 07:19:36');
INSERT INTO `media` (`id`, `media_type_id`, `catalog_id`, `body`, `filename`, `size`, `metadata`, `created_at`, `updated_at`) VALUES ('227', '3', '2', 'Nemo quo ea aliquam id quaerat. Architecto ut voluptatem et itaque nesciunt. Nam voluptatem repudiandae odio sunt asperiores ut consequatur. Architecto sed corrupti nulla minus eveniet distinctio rerum non.', 'qui', 5, NULL, '2006-02-25 18:13:34', '2003-10-08 13:02:13');
INSERT INTO `media` (`id`, `media_type_id`, `catalog_id`, `body`, `filename`, `size`, `metadata`, `created_at`, `updated_at`) VALUES ('228', '4', '3', 'Aut ratione ipsa doloremque. Aspernatur et occaecati praesentium voluptates labore nihil ut. Aut soluta quibusdam veritatis. Ullam reprehenderit voluptatem voluptatum sed.', 'facere', 27180538, NULL, '1983-10-06 06:33:45', '2004-04-07 00:28:02');
INSERT INTO `media` (`id`, `media_type_id`, `catalog_id`, `body`, `filename`, `size`, `metadata`, `created_at`, `updated_at`) VALUES ('229', '1', '1', 'Numquam minima ex error illum rerum aliquid. Temporibus est ratione error explicabo qui tempore. Et quis illo ea fuga qui. Doloremque voluptatem et qui.', 'dolores', 5647, NULL, '1980-10-30 21:41:33', '2015-03-19 04:49:24');
INSERT INTO `media` (`id`, `media_type_id`, `catalog_id`, `body`, `filename`, `size`, `metadata`, `created_at`, `updated_at`) VALUES ('230', '2', '2', 'Aperiam earum et aut deleniti architecto id numquam. Reprehenderit molestiae repudiandae ab dolore nobis ut. Amet et inventore beatae nihil distinctio quos.', 'ut', 491, NULL, '1987-01-07 00:57:37', '1977-11-23 00:26:36');
INSERT INTO `media` (`id`, `media_type_id`, `catalog_id`, `body`, `filename`, `size`, `metadata`, `created_at`, `updated_at`) VALUES ('231', '3', '3', 'Sit libero minus ab nihil repellat eveniet. Aut veritatis omnis et ducimus soluta rerum deleniti. Quos et sit id consequatur. Illum id consequatur velit a doloribus.', 'et', 73263826, NULL, '1992-04-04 17:43:44', '1994-04-13 04:57:39');
INSERT INTO `media` (`id`, `media_type_id`, `catalog_id`, `body`, `filename`, `size`, `metadata`, `created_at`, `updated_at`) VALUES ('232', '4', '1', 'Quia rem officia ut aut odio consequatur accusantium. Laborum atque vero et quidem. Iusto expedita ullam magni qui deserunt fugit.', 'eligendi', 718, NULL, '1979-10-25 21:32:21', '1982-09-28 12:41:11');
INSERT INTO `media` (`id`, `media_type_id`, `catalog_id`, `body`, `filename`, `size`, `metadata`, `created_at`, `updated_at`) VALUES ('233', '1', '2', 'Iure placeat libero doloremque et distinctio. Dolores consequatur quis cum atque optio aliquam vitae consequatur. Illo inventore sunt deleniti nostrum tempore officiis ut. Dolorum non doloremque quaerat et placeat. Perferendis impedit iste voluptatem reprehenderit.', 'occaecati', 1900, NULL, '2008-12-23 22:39:52', '1987-12-06 09:16:19');
INSERT INTO `media` (`id`, `media_type_id`, `catalog_id`, `body`, `filename`, `size`, `metadata`, `created_at`, `updated_at`) VALUES ('234', '2', '3', 'Iusto sit non consequatur aut molestiae. Debitis ratione iste ea tempora. Consectetur dolore et neque provident exercitationem.', 'ullam', 602, NULL, '2019-11-23 16:45:41', '1974-06-18 05:11:58');
INSERT INTO `media` (`id`, `media_type_id`, `catalog_id`, `body`, `filename`, `size`, `metadata`, `created_at`, `updated_at`) VALUES ('235', '3', '1', 'Architecto error mollitia ut aut sit. Officia in ea officia tempora totam quos.', 'est', 464278, NULL, '1983-12-14 04:18:23', '1996-01-14 07:40:17');
INSERT INTO `media` (`id`, `media_type_id`, `catalog_id`, `body`, `filename`, `size`, `metadata`, `created_at`, `updated_at`) VALUES ('236', '4', '2', 'Ratione sint quia dolores est dolor architecto. Nostrum suscipit qui voluptas ea autem ab. Placeat ea velit consequuntur distinctio sunt. Sit eum fugit eius rem assumenda voluptas distinctio.', 'quia', 757915288, NULL, '2020-10-31 18:30:54', '1975-07-10 06:34:43');
INSERT INTO `media` (`id`, `media_type_id`, `catalog_id`, `body`, `filename`, `size`, `metadata`, `created_at`, `updated_at`) VALUES ('237', '1', '3', 'Non possimus voluptas ut. Sunt qui molestias rerum omnis odio. Recusandae deserunt optio esse distinctio.', 'saepe', 5007, NULL, '1989-07-11 08:37:41', '1989-02-05 00:42:56');
INSERT INTO `media` (`id`, `media_type_id`, `catalog_id`, `body`, `filename`, `size`, `metadata`, `created_at`, `updated_at`) VALUES ('238', '2', '1', 'Tempora et dolore veniam voluptate ullam qui. Incidunt blanditiis sequi suscipit iure eveniet tempora rerum quia. Beatae magni ea voluptatibus dolorum. Dolor quam dignissimos et perferendis.', 'perspiciatis', 92277, NULL, '2016-12-31 11:16:54', '1999-07-28 21:32:32');
INSERT INTO `media` (`id`, `media_type_id`, `catalog_id`, `body`, `filename`, `size`, `metadata`, `created_at`, `updated_at`) VALUES ('239', '3', '2', 'Atque magnam adipisci praesentium aspernatur accusamus. Dolorem officia qui perferendis ex. Consectetur dolorem rerum et omnis.', 'dolorem', 314345797, NULL, '2017-09-09 08:25:03', '2021-11-06 20:35:09');
INSERT INTO `media` (`id`, `media_type_id`, `catalog_id`, `body`, `filename`, `size`, `metadata`, `created_at`, `updated_at`) VALUES ('240', '4', '3', 'Soluta sit pariatur laboriosam nobis omnis asperiores enim. Itaque et velit velit rem suscipit qui. Eaque nulla eveniet nihil voluptatibus reiciendis. Maxime repellat a rem maxime.', 'quis', 0, NULL, '1980-10-07 13:54:44', '1988-10-28 02:56:41');
INSERT INTO `media` (`id`, `media_type_id`, `catalog_id`, `body`, `filename`, `size`, `metadata`, `created_at`, `updated_at`) VALUES ('241', '1', '1', 'Eligendi voluptas quaerat vero sed. Quidem omnis ducimus ipsa sunt. Pariatur voluptatem sit deserunt aperiam harum.', 'reiciendis', 43, NULL, '1985-01-04 18:00:15', '2000-08-14 03:40:29');
INSERT INTO `media` (`id`, `media_type_id`, `catalog_id`, `body`, `filename`, `size`, `metadata`, `created_at`, `updated_at`) VALUES ('242', '2', '2', 'Sit voluptatum quia ea. Mollitia nihil possimus molestiae inventore blanditiis. Eos eos maxime vel pariatur.', 'illum', 87, NULL, '1976-04-08 21:14:00', '1986-05-09 03:37:13');
INSERT INTO `media` (`id`, `media_type_id`, `catalog_id`, `body`, `filename`, `size`, `metadata`, `created_at`, `updated_at`) VALUES ('243', '3', '3', 'Voluptates explicabo adipisci inventore doloribus. Neque facilis at et amet sunt. Et voluptas laboriosam eum est et. Eum id unde suscipit consectetur unde velit repudiandae.', 'nihil', 18816, NULL, '2003-04-25 10:11:32', '2020-01-15 17:31:53');
INSERT INTO `media` (`id`, `media_type_id`, `catalog_id`, `body`, `filename`, `size`, `metadata`, `created_at`, `updated_at`) VALUES ('244', '4', '1', 'Odio voluptatum magnam assumenda animi aperiam tempora accusamus. Eos est nobis cum non reiciendis beatae expedita. Eum quas et sunt placeat facilis in non.', 'voluptas', 69691, NULL, '1999-06-13 03:15:11', '1987-03-08 01:41:09');
INSERT INTO `media` (`id`, `media_type_id`, `catalog_id`, `body`, `filename`, `size`, `metadata`, `created_at`, `updated_at`) VALUES ('245', '1', '2', 'Eligendi cumque et accusamus nostrum voluptas non. Illum consectetur architecto id inventore ut dolores omnis. Magni ipsam optio sit harum nihil unde omnis.', 'dolores', 3293, NULL, '1987-01-29 23:54:52', '2004-02-16 17:42:06');
INSERT INTO `media` (`id`, `media_type_id`, `catalog_id`, `body`, `filename`, `size`, `metadata`, `created_at`, `updated_at`) VALUES ('246', '2', '3', 'Aut sed aut nesciunt excepturi ut est. Quidem omnis voluptas voluptate aut ea vero. Dolorem omnis et vel et hic.', 'vitae', 75052937, NULL, '2012-10-20 20:51:18', '2018-08-16 12:48:56');
INSERT INTO `media` (`id`, `media_type_id`, `catalog_id`, `body`, `filename`, `size`, `metadata`, `created_at`, `updated_at`) VALUES ('247', '3', '1', 'Nobis saepe repudiandae aut vel. Non necessitatibus perspiciatis molestias sit a veritatis. Quisquam voluptatem nemo explicabo. Voluptatem aut sit earum unde.', 'id', 293155, NULL, '2010-08-30 10:27:36', '2013-03-31 09:45:33');
INSERT INTO `media` (`id`, `media_type_id`, `catalog_id`, `body`, `filename`, `size`, `metadata`, `created_at`, `updated_at`) VALUES ('248', '4', '2', 'Quidem illo tempora eos. Quia fugiat voluptate aperiam adipisci vel beatae veritatis. Fuga nesciunt eum temporibus ducimus.', 'voluptatum', 429, NULL, '1976-05-25 11:15:33', '2005-12-27 08:48:38');
INSERT INTO `media` (`id`, `media_type_id`, `catalog_id`, `body`, `filename`, `size`, `metadata`, `created_at`, `updated_at`) VALUES ('249', '1', '3', 'Eaque et sunt mollitia minima numquam aliquid mollitia accusamus. Quaerat vel autem sit molestias voluptas. Consequuntur voluptas sequi blanditiis.', 'aspernatur', 475160534, NULL, '2004-08-31 12:27:36', '2016-02-18 12:21:03');
INSERT INTO `media` (`id`, `media_type_id`, `catalog_id`, `body`, `filename`, `size`, `metadata`, `created_at`, `updated_at`) VALUES ('250', '2', '1', 'In aut iusto recusandae consequatur accusamus omnis. Facilis unde et consequatur distinctio. Pariatur voluptatem qui possimus voluptas dolores nihil tempora. Ut distinctio illo et cupiditate molestiae veritatis.', 'distinctio', 3898534, NULL, '1975-05-12 12:12:43', '2002-04-30 01:59:34');
INSERT INTO `media` (`id`, `media_type_id`, `catalog_id`, `body`, `filename`, `size`, `metadata`, `created_at`, `updated_at`) VALUES ('251', '3', '2', 'Aut quidem culpa fuga eligendi sapiente pariatur. Numquam illum maiores quaerat ad beatae totam distinctio sint. Earum velit quam rerum consequatur beatae.', 'voluptatum', 76242, NULL, '1972-08-11 19:21:16', '1994-01-17 13:45:49');
INSERT INTO `media` (`id`, `media_type_id`, `catalog_id`, `body`, `filename`, `size`, `metadata`, `created_at`, `updated_at`) VALUES ('252', '4', '3', 'At sit laudantium nemo impedit pariatur nulla. Ut earum atque veniam animi repudiandae iste corporis. Voluptatum omnis atque nemo necessitatibus illo.', 'et', 88234076, NULL, '1978-08-30 08:38:15', '2016-07-11 04:27:14');
INSERT INTO `media` (`id`, `media_type_id`, `catalog_id`, `body`, `filename`, `size`, `metadata`, `created_at`, `updated_at`) VALUES ('253', '1', '1', 'Omnis ea quibusdam quae corporis nam autem vel exercitationem. Reprehenderit dolorem hic voluptas. Molestias aut ex iste. Et temporibus quasi doloribus et et ut. Dolorum ex quae temporibus.', 'vel', 24855898, NULL, '1971-05-16 18:40:24', '1989-05-28 08:12:18');
INSERT INTO `media` (`id`, `media_type_id`, `catalog_id`, `body`, `filename`, `size`, `metadata`, `created_at`, `updated_at`) VALUES ('254', '2', '2', 'Expedita excepturi est modi harum laudantium quia. Aspernatur illum libero et et aliquid. Autem voluptas facere qui.', 'eaque', 42424188, NULL, '1996-09-30 22:48:48', '2002-08-10 06:57:58');
INSERT INTO `media` (`id`, `media_type_id`, `catalog_id`, `body`, `filename`, `size`, `metadata`, `created_at`, `updated_at`) VALUES ('255', '3', '3', 'Maiores ut aperiam laborum laudantium numquam natus et. Voluptatem vel eos placeat quo alias. Quis sequi praesentium molestiae et. Ab aliquid aut at non voluptas qui.', 'sit', 6293347, NULL, '2021-02-07 16:38:51', '1989-04-25 07:14:30');
INSERT INTO `media` (`id`, `media_type_id`, `catalog_id`, `body`, `filename`, `size`, `metadata`, `created_at`, `updated_at`) VALUES ('256', '4', '1', 'Et et molestiae consequatur voluptatem. Et unde doloribus id amet amet aut. Quas excepturi omnis deserunt culpa quasi culpa quaerat.', 'soluta', 8204485, NULL, '1979-11-22 09:58:19', '1992-01-08 08:18:56');
INSERT INTO `media` (`id`, `media_type_id`, `catalog_id`, `body`, `filename`, `size`, `metadata`, `created_at`, `updated_at`) VALUES ('257', '1', '2', 'Veniam sint eum possimus nihil nostrum voluptatibus sit. Quia nihil reiciendis quibusdam error animi est. Ut unde consequatur voluptas commodi neque.', 'est', 8, NULL, '1982-12-10 02:19:12', '2021-05-06 08:55:32');
INSERT INTO `media` (`id`, `media_type_id`, `catalog_id`, `body`, `filename`, `size`, `metadata`, `created_at`, `updated_at`) VALUES ('258', '2', '3', 'Qui dolores quia quia ab modi ad rerum. Accusantium commodi maiores dolorem voluptas sed est fuga. Voluptas repellendus omnis unde voluptatem. Aliquid et veniam id.', 'praesentium', 872641330, NULL, '2001-10-07 14:54:58', '2004-04-12 12:06:43');
INSERT INTO `media` (`id`, `media_type_id`, `catalog_id`, `body`, `filename`, `size`, `metadata`, `created_at`, `updated_at`) VALUES ('259', '3', '1', 'Sit impedit aut dolorum porro tenetur. Qui sed et laudantium quam. Minus magni ut quia consequatur maiores. Nihil consectetur nesciunt aut totam nisi officia ad. Eveniet saepe quis unde explicabo.', 'nihil', 788, NULL, '1970-09-15 16:23:23', '2009-06-28 06:47:16');
INSERT INTO `media` (`id`, `media_type_id`, `catalog_id`, `body`, `filename`, `size`, `metadata`, `created_at`, `updated_at`) VALUES ('260', '4', '2', 'Et explicabo ratione minus consequatur. Tempora reprehenderit dolorum ut voluptas consequatur cupiditate et. Non ratione eum minus similique eaque. Debitis qui hic nulla hic nobis.', 'aut', 60712, NULL, '1998-02-13 02:22:45', '1998-06-28 20:16:02');
INSERT INTO `media` (`id`, `media_type_id`, `catalog_id`, `body`, `filename`, `size`, `metadata`, `created_at`, `updated_at`) VALUES ('261', '1', '3', 'Nihil qui nostrum a quam sit. Impedit placeat illum repellat ullam quia. Sit molestiae et voluptatem possimus ut in. Aspernatur minus ex eum eligendi possimus dolorem.', 'eaque', 572932, NULL, '2013-11-10 15:11:54', '1987-11-26 23:55:04');
INSERT INTO `media` (`id`, `media_type_id`, `catalog_id`, `body`, `filename`, `size`, `metadata`, `created_at`, `updated_at`) VALUES ('262', '2', '1', 'Et et corporis omnis minima totam amet. Eligendi sint maxime et. Nemo non velit nihil aut quasi dolore ratione.', 'numquam', 45, NULL, '2005-06-16 04:02:26', '2014-12-18 02:09:03');
INSERT INTO `media` (`id`, `media_type_id`, `catalog_id`, `body`, `filename`, `size`, `metadata`, `created_at`, `updated_at`) VALUES ('263', '3', '2', 'Corrupti nostrum voluptatem sint molestiae est. Iusto vitae molestiae nulla adipisci est nihil vel. Dolorem ut explicabo earum voluptatem necessitatibus et consequatur.', 'quidem', 15, NULL, '2021-12-16 21:44:03', '1993-04-19 16:20:29');
INSERT INTO `media` (`id`, `media_type_id`, `catalog_id`, `body`, `filename`, `size`, `metadata`, `created_at`, `updated_at`) VALUES ('264', '4', '3', 'Cupiditate labore adipisci molestiae voluptatibus illo officia. Ipsum nostrum hic alias. Neque dolores harum nulla deserunt quo. Eius et voluptates quidem corporis amet minus.', 'laborum', 636454, NULL, '1972-07-06 14:59:28', '2015-07-26 19:51:25');
INSERT INTO `media` (`id`, `media_type_id`, `catalog_id`, `body`, `filename`, `size`, `metadata`, `created_at`, `updated_at`) VALUES ('265', '1', '1', 'Dolor eaque magni harum rerum est ea. Aut consectetur voluptatem facere natus rerum et.', 'dolores', 74139, NULL, '2000-06-20 11:48:03', '1982-02-18 08:07:38');
INSERT INTO `media` (`id`, `media_type_id`, `catalog_id`, `body`, `filename`, `size`, `metadata`, `created_at`, `updated_at`) VALUES ('266', '2', '2', 'Nam harum minus sequi laboriosam. Nemo atque ipsum minus ut. Rerum sint aut consectetur recusandae.', 'placeat', 2, NULL, '2002-07-23 08:14:06', '2000-01-07 19:30:30');
INSERT INTO `media` (`id`, `media_type_id`, `catalog_id`, `body`, `filename`, `size`, `metadata`, `created_at`, `updated_at`) VALUES ('267', '3', '3', 'Et qui quia dolor temporibus inventore unde. Sapiente consequuntur vitae molestiae quia ad. Qui hic similique molestiae aperiam pariatur facere sapiente officiis. Tempora dolores est culpa est eum qui est.', 'vitae', 99128937, NULL, '1986-07-15 12:17:02', '1989-03-07 21:58:00');
INSERT INTO `media` (`id`, `media_type_id`, `catalog_id`, `body`, `filename`, `size`, `metadata`, `created_at`, `updated_at`) VALUES ('268', '4', '1', 'Aut est ipsum esse ullam. Minus culpa in est facilis enim cupiditate. Omnis ratione animi cum. Molestias non voluptatum ea.', 'neque', 38, NULL, '2009-04-21 12:13:31', '1989-05-16 22:11:59');
INSERT INTO `media` (`id`, `media_type_id`, `catalog_id`, `body`, `filename`, `size`, `metadata`, `created_at`, `updated_at`) VALUES ('269', '1', '2', 'Aut alias nihil similique nihil. Ipsum impedit tenetur eum commodi eum qui. Odio aspernatur qui accusantium minima nam. Est aut qui et sit voluptas.', 'aspernatur', 0, NULL, '1974-07-28 04:29:19', '1988-04-19 10:39:19');
INSERT INTO `media` (`id`, `media_type_id`, `catalog_id`, `body`, `filename`, `size`, `metadata`, `created_at`, `updated_at`) VALUES ('270', '2', '3', 'Eius explicabo quis officiis sed est enim. Totam deserunt provident qui doloribus. Et et praesentium modi quisquam. Ducimus rerum laborum id omnis eligendi dolor exercitationem consequatur.', 'eum', 95043, NULL, '2020-07-29 02:24:11', '1998-06-11 11:18:56');
INSERT INTO `media` (`id`, `media_type_id`, `catalog_id`, `body`, `filename`, `size`, `metadata`, `created_at`, `updated_at`) VALUES ('271', '3', '1', 'Molestias et quod non perferendis vero repellendus laborum ut. Ut reiciendis qui ad et hic. Sapiente sit deserunt cum repellat provident sequi est. Iure id expedita soluta veritatis et minima.', 'voluptate', 666, NULL, '2004-09-10 20:12:00', '1988-06-28 00:17:52');
INSERT INTO `media` (`id`, `media_type_id`, `catalog_id`, `body`, `filename`, `size`, `metadata`, `created_at`, `updated_at`) VALUES ('272', '4', '2', 'Totam quos et repellendus fugit consequatur tempora assumenda. Est consequatur velit odit vel rerum id qui. Dolorem expedita quo sed ut quaerat. Minus autem aut saepe a. Eligendi quis dolorem id nobis non et rem.', 'et', 947094, NULL, '1992-03-13 23:51:33', '1984-09-13 21:10:11');
INSERT INTO `media` (`id`, `media_type_id`, `catalog_id`, `body`, `filename`, `size`, `metadata`, `created_at`, `updated_at`) VALUES ('273', '1', '3', 'Rerum eveniet ut in qui laudantium vero. Rerum soluta amet qui repellendus. Necessitatibus quod accusantium quis nam inventore repellat saepe. Pariatur voluptas qui quas.', 'quidem', 409470094, NULL, '1997-06-06 12:51:54', '2018-06-08 07:08:27');
INSERT INTO `media` (`id`, `media_type_id`, `catalog_id`, `body`, `filename`, `size`, `metadata`, `created_at`, `updated_at`) VALUES ('274', '2', '1', 'Ut hic minima quod doloribus doloremque quam ut. Autem qui est et sapiente quibusdam rem eum. Aspernatur reiciendis facilis praesentium optio et. Omnis ut tempora non non beatae dolor doloremque perspiciatis.', 'qui', 33732105, NULL, '1978-12-05 22:00:56', '2011-06-30 21:27:40');
INSERT INTO `media` (`id`, `media_type_id`, `catalog_id`, `body`, `filename`, `size`, `metadata`, `created_at`, `updated_at`) VALUES ('275', '3', '2', 'Nulla vitae tempora assumenda quae qui nostrum qui. Ea laudantium culpa non numquam necessitatibus et. Et illo et consequatur recusandae atque omnis error. Quis iure aut et saepe quod omnis sequi.', 'ut', 593388334, NULL, '1995-04-09 02:14:33', '2014-04-18 03:55:10');
INSERT INTO `media` (`id`, `media_type_id`, `catalog_id`, `body`, `filename`, `size`, `metadata`, `created_at`, `updated_at`) VALUES ('276', '4', '3', 'Voluptates expedita sunt est. Sit dolorem eius et quo et sit. Recusandae consequatur odit facere dolorem est ducimus placeat et.', 'blanditiis', 240706668, NULL, '2018-06-10 14:24:49', '1994-01-31 06:31:34');
INSERT INTO `media` (`id`, `media_type_id`, `catalog_id`, `body`, `filename`, `size`, `metadata`, `created_at`, `updated_at`) VALUES ('277', '1', '1', 'Minima inventore assumenda sint magnam laboriosam. Saepe reprehenderit dolores sed perferendis quas ut. Ea possimus sit consequatur consequatur qui ducimus. Suscipit quis quod velit nisi et perspiciatis.', 'porro', 7350, NULL, '2001-01-01 21:08:32', '1996-10-03 18:26:13');
INSERT INTO `media` (`id`, `media_type_id`, `catalog_id`, `body`, `filename`, `size`, `metadata`, `created_at`, `updated_at`) VALUES ('278', '2', '2', 'Tempora sapiente omnis ipsa reprehenderit a omnis vitae. Quisquam laborum et id quos officia. Expedita molestiae omnis hic sunt. Sit odit modi ut est voluptatum.', 'ea', 34430717, NULL, '1998-03-21 02:21:22', '2014-08-06 21:36:47');
INSERT INTO `media` (`id`, `media_type_id`, `catalog_id`, `body`, `filename`, `size`, `metadata`, `created_at`, `updated_at`) VALUES ('279', '3', '3', 'Reprehenderit ut quibusdam atque omnis. Adipisci quidem libero odio voluptas. Quis vitae ea aperiam nihil. Enim facilis occaecati aut rerum.', 'et', 5982, NULL, '1983-07-28 21:32:55', '1972-09-30 06:29:49');
INSERT INTO `media` (`id`, `media_type_id`, `catalog_id`, `body`, `filename`, `size`, `metadata`, `created_at`, `updated_at`) VALUES ('280', '4', '1', 'Iure reiciendis quia esse recusandae totam. Dolor eius id quo iusto sequi harum. Reiciendis amet in cumque qui iste.', 'atque', 8549397, NULL, '1987-09-05 10:57:21', '1979-03-07 16:17:17');
INSERT INTO `media` (`id`, `media_type_id`, `catalog_id`, `body`, `filename`, `size`, `metadata`, `created_at`, `updated_at`) VALUES ('281', '1', '2', 'Quia in et ut et cumque natus. Dolorum fugiat repudiandae quae dolorum dolorum eum. Nihil quasi molestiae maiores saepe optio est non.', 'temporibus', 24, NULL, '1986-08-28 09:41:12', '1994-08-28 09:06:29');
INSERT INTO `media` (`id`, `media_type_id`, `catalog_id`, `body`, `filename`, `size`, `metadata`, `created_at`, `updated_at`) VALUES ('282', '2', '3', 'Voluptatem quia voluptatibus voluptatum provident sint magni. Ad eos maxime sit dicta accusantium voluptates. Dolores minima velit et et consectetur accusantium. Ipsam beatae eveniet omnis tenetur sequi nisi.', 'quod', 677678, NULL, '2010-08-13 01:55:54', '1980-07-16 01:00:19');
INSERT INTO `media` (`id`, `media_type_id`, `catalog_id`, `body`, `filename`, `size`, `metadata`, `created_at`, `updated_at`) VALUES ('283', '3', '1', 'Optio deleniti debitis qui qui et. Nobis vel sit et et enim numquam qui. Et dolorem tenetur modi corporis dicta est.', 'placeat', 865, NULL, '2000-01-24 16:49:54', '1992-10-12 02:53:17');
INSERT INTO `media` (`id`, `media_type_id`, `catalog_id`, `body`, `filename`, `size`, `metadata`, `created_at`, `updated_at`) VALUES ('284', '4', '2', 'Molestiae similique voluptatibus aut aliquid. Sint qui adipisci dolores amet excepturi hic. Vero omnis minima similique incidunt enim numquam quis. Unde voluptatem voluptate excepturi inventore expedita.', 'quidem', 0, NULL, '1985-08-12 05:07:02', '1971-01-07 18:19:52');
INSERT INTO `media` (`id`, `media_type_id`, `catalog_id`, `body`, `filename`, `size`, `metadata`, `created_at`, `updated_at`) VALUES ('285', '1', '3', 'Adipisci tempora quibusdam qui id exercitationem veniam omnis. Perspiciatis esse non ut possimus in sed. Voluptatem quasi sit officiis cumque repellat voluptas excepturi. Inventore qui enim maiores aliquam nisi ratione. Pariatur perspiciatis velit quia dolores quam.', 'vero', 714, NULL, '1975-08-24 14:56:35', '2002-04-19 05:37:11');
INSERT INTO `media` (`id`, `media_type_id`, `catalog_id`, `body`, `filename`, `size`, `metadata`, `created_at`, `updated_at`) VALUES ('286', '2', '1', 'Mollitia sint pariatur aperiam nemo est numquam. Itaque qui in repudiandae tenetur magni. Nihil laborum quaerat cum saepe natus. Tempora commodi aut molestiae sint amet aut libero reiciendis.', 'ducimus', 409704, NULL, '1990-10-26 03:38:52', '2007-07-24 08:57:05');
INSERT INTO `media` (`id`, `media_type_id`, `catalog_id`, `body`, `filename`, `size`, `metadata`, `created_at`, `updated_at`) VALUES ('287', '3', '2', 'Praesentium quod fuga accusamus accusantium hic atque. Vero eum explicabo eum rerum adipisci explicabo. Non consequatur vero dignissimos nobis facilis officia. Animi consequatur eius voluptatibus voluptatem voluptate quidem deleniti.', 'aliquam', 213954, NULL, '1978-12-26 21:27:42', '2016-01-16 21:56:05');
INSERT INTO `media` (`id`, `media_type_id`, `catalog_id`, `body`, `filename`, `size`, `metadata`, `created_at`, `updated_at`) VALUES ('288', '4', '3', 'Soluta sunt ut ea porro dolor. Quasi quis consequuntur consequuntur optio ipsam.', 'sunt', 917, NULL, '2021-03-02 16:52:33', '1970-08-08 08:59:07');
INSERT INTO `media` (`id`, `media_type_id`, `catalog_id`, `body`, `filename`, `size`, `metadata`, `created_at`, `updated_at`) VALUES ('289', '1', '1', 'Qui dolores cumque aut consequuntur voluptatem ex architecto. Unde numquam repellat aut eos et numquam deleniti.', 'maxime', 516657991, NULL, '1994-04-01 14:24:04', '1994-04-14 13:58:57');
INSERT INTO `media` (`id`, `media_type_id`, `catalog_id`, `body`, `filename`, `size`, `metadata`, `created_at`, `updated_at`) VALUES ('290', '2', '2', 'Qui aut omnis natus autem in necessitatibus doloremque sunt. Eos quibusdam quasi ullam nostrum itaque neque.', 'ut', 775, NULL, '1981-01-28 06:39:42', '1995-09-07 13:44:03');
INSERT INTO `media` (`id`, `media_type_id`, `catalog_id`, `body`, `filename`, `size`, `metadata`, `created_at`, `updated_at`) VALUES ('291', '3', '3', 'Sit dicta tenetur aut harum laboriosam eum. Debitis consequatur alias dolorem labore error accusamus est. Ut unde vel eos magni vel minus optio.', 'commodi', 575294, NULL, '1990-08-21 03:38:24', '2013-06-28 13:32:35');
INSERT INTO `media` (`id`, `media_type_id`, `catalog_id`, `body`, `filename`, `size`, `metadata`, `created_at`, `updated_at`) VALUES ('292', '4', '1', 'Eum rerum ex et harum iste architecto esse. Sit labore nihil eum aut qui. Aspernatur numquam deleniti ut omnis aut. Voluptas perspiciatis nisi asperiores deleniti totam dicta.', 'ut', 965, NULL, '2009-01-14 17:15:13', '2005-01-31 04:12:42');
INSERT INTO `media` (`id`, `media_type_id`, `catalog_id`, `body`, `filename`, `size`, `metadata`, `created_at`, `updated_at`) VALUES ('293', '1', '2', 'Aliquam ipsa beatae cupiditate tempore. Aliquid sunt tempore dicta iusto quam labore eaque. Magnam quis odio expedita non libero velit quas. Harum voluptatibus et maiores rerum voluptatem.', 'est', 3996, NULL, '1979-01-14 07:46:52', '1989-09-01 00:18:11');
INSERT INTO `media` (`id`, `media_type_id`, `catalog_id`, `body`, `filename`, `size`, `metadata`, `created_at`, `updated_at`) VALUES ('294', '2', '3', 'Et maiores maxime quas rerum saepe ipsa repellendus dolor. Molestiae molestiae rem voluptas ea beatae fuga perspiciatis. Autem facilis qui repellat quaerat. Mollitia quasi quod voluptatum et culpa reiciendis nemo.', 'excepturi', 7, NULL, '1992-07-03 00:00:05', '1986-01-01 21:20:15');
INSERT INTO `media` (`id`, `media_type_id`, `catalog_id`, `body`, `filename`, `size`, `metadata`, `created_at`, `updated_at`) VALUES ('295', '3', '1', 'Enim facilis ut beatae sit. Ullam magni labore ut et. Molestiae earum aut veritatis et molestias iure. Aut consectetur sequi consequatur animi.', 'cumque', 33, NULL, '1985-07-18 12:47:11', '1984-12-01 18:02:35');
INSERT INTO `media` (`id`, `media_type_id`, `catalog_id`, `body`, `filename`, `size`, `metadata`, `created_at`, `updated_at`) VALUES ('296', '4', '2', 'Sint eveniet et et explicabo. Asperiores totam enim necessitatibus reprehenderit. Asperiores repudiandae facilis adipisci vero perferendis et. Autem quia expedita reiciendis.', 'dolores', 8519744, NULL, '2001-10-08 01:31:36', '2017-01-08 20:16:45');
INSERT INTO `media` (`id`, `media_type_id`, `catalog_id`, `body`, `filename`, `size`, `metadata`, `created_at`, `updated_at`) VALUES ('297', '1', '3', 'In est rerum saepe doloremque dicta eos. Minus repellat reprehenderit eius atque quis. Adipisci atque est dolore voluptatem harum aut exercitationem.', 'officia', 95214, NULL, '1987-03-08 09:22:09', '1990-12-26 15:05:02');
INSERT INTO `media` (`id`, `media_type_id`, `catalog_id`, `body`, `filename`, `size`, `metadata`, `created_at`, `updated_at`) VALUES ('298', '2', '1', 'Consectetur necessitatibus nihil eveniet optio pariatur tempore. Quo praesentium velit et incidunt earum rem. Aut dignissimos laboriosam earum. Nostrum sed cupiditate quaerat consequatur nulla quasi commodi.', 'commodi', 733, NULL, '2019-04-26 19:36:40', '1976-06-25 13:47:32');
INSERT INTO `media` (`id`, `media_type_id`, `catalog_id`, `body`, `filename`, `size`, `metadata`, `created_at`, `updated_at`) VALUES ('299', '3', '2', 'Ipsa natus cumque deleniti laborum voluptatem ut. Facere reprehenderit unde dolore suscipit nisi. Aperiam corrupti sed nihil fugiat nam nostrum ut.', 'provident', 22, NULL, '1970-05-04 09:33:55', '1989-07-27 20:50:03');
INSERT INTO `media` (`id`, `media_type_id`, `catalog_id`, `body`, `filename`, `size`, `metadata`, `created_at`, `updated_at`) VALUES ('300', '4', '3', 'Fugiat ut rerum ad sunt. Ad aut beatae esse officiis. Aliquam veritatis dolorem voluptatibus qui numquam culpa est. Nihil quam ut quam est rerum nemo.', 'laboriosam', 1362290, NULL, '2015-06-05 03:43:24', '1976-08-04 13:14:01');

